{
    "class_names": [
        "0.0",
        "1.0"
    ],
    "class_labels": [
        "Human",
        "Bot"
    ],
    "classification_report": {
        "Human": {
            "precision": 0.8565505804311775,
            "recall": 0.89748045178106,
            "f1-score": 0.876537971998303,
            "support": 1151.0
        },
        "Bot": {
            "precision": 0.6168831168831169,
            "recall": 0.5234159779614325,
            "f1-score": 0.5663189269746647,
            "support": 363.0
        },
        "accuracy": 0.8077939233817701,
        "macro avg": {
            "precision": 0.7367168486571471,
            "recall": 0.7104482148712462,
            "f1-score": 0.7214284494864838,
            "support": 1514.0
        },
        "weighted avg": {
            "precision": 0.7990873774800903,
            "recall": 0.8077939233817701,
            "f1-score": 0.8021591652984478,
            "support": 1514.0
        }
    },
    "confusion_matrix": [
        [
            1033,
            118
        ],
        [
            173,
            190
        ]
    ],
    "roc_auc_score": 0.8652890168568235,
    "y_col": "is_bom_astroturf",
    "x_scaled": false,
    "grid_search": {
        "model_type": "XGBClassifier",
        "k_folds": 5,
        "param_grid": {},
        "best_params": {},
        "best_score": 0.8809712248693842
    }
}