{
    "classification_report": {
        "False": {
            "precision": 0.8659286592865929,
            "recall": 0.7804878048780488,
            "f1-score": 0.8209912536443148,
            "support": 902.0
        },
        "True": {
            "precision": 0.717546362339515,
            "recall": 0.8218954248366013,
            "f1-score": 0.7661843107387661,
            "support": 612.0
        },
        "accuracy": 0.797225891677675,
        "macro avg": {
            "precision": 0.791737510813054,
            "recall": 0.801191614857325,
            "f1-score": 0.7935877821915405,
            "support": 1514.0
        },
        "weighted avg": {
            "precision": 0.8059484969803765,
            "recall": 0.797225891677675,
            "f1-score": 0.7988367958780033,
            "support": 1514.0
        }
    },
    "class_names": [
        false,
        true
    ],
    "confusion_matrix": [
        [
            704,
            198
        ],
        [
            109,
            503
        ]
    ],
    "roc_auc_score": 0.801191614857325,
    "roc_auc_score_proba": 0.871119733924612,
    "roc_curve_auc": 0.871119733924612,
    "grid_search": {
        "x_scaled": false,
        "model_type": "XGBClassifier",
        "k_folds": 5,
        "param_grid": {},
        "best_params": {},
        "best_score": 0.8608615456997362
    }
}