{
    "classification_report": {
        "False": {
            "precision": 0.9915458937198067,
            "recall": 0.9101995565410199,
            "f1-score": 0.9491329479768785,
            "support": 902.0
        },
        "True": {
            "precision": 0.8819241982507289,
            "recall": 0.988562091503268,
            "f1-score": 0.9322033898305084,
            "support": 612.0
        },
        "accuracy": 0.9418758256274768,
        "macro avg": {
            "precision": 0.9367350459852678,
            "recall": 0.949380824022144,
            "f1-score": 0.9406681689036935,
            "support": 1514.0
        },
        "weighted avg": {
            "precision": 0.947233821310906,
            "recall": 0.9418758256274768,
            "f1-score": 0.9422895598754396,
            "support": 1514.0
        }
    },
    "class_names": [
        false,
        true
    ],
    "confusion_matrix": [
        [
            821,
            81
        ],
        [
            7,
            605
        ]
    ],
    "roc_auc_score": 0.949380824022144,
    "roc_auc_score_proba": 0.9753941857600393,
    "roc_curve_auc": 0.9753941857600393,
    "grid_search": {
        "x_scaled": false,
        "model_type": "RandomForestClassifier",
        "k_folds": 5,
        "param_grid": {
            "classifier__criterion": [
                "gini"
            ],
            "classifier__min_samples_leaf": [
                3,
                5,
                8
            ],
            "classifier__n_estimators": [
                250,
                500,
                1000
            ]
        },
        "best_params": {
            "classifier__criterion": "gini",
            "classifier__min_samples_leaf": 5,
            "classifier__n_estimators": 250
        },
        "best_score": 0.9772588827285714
    }
}