{
    "class_names": [
        "False",
        "True"
    ],
    "class_labels": [
        "Human",
        "Bot"
    ],
    "classification_report": {
        "Human": {
            "precision": 0.9915458937198067,
            "recall": 0.9101995565410199,
            "f1-score": 0.9491329479768785,
            "support": 902.0
        },
        "Bot": {
            "precision": 0.8819241982507289,
            "recall": 0.988562091503268,
            "f1-score": 0.9322033898305084,
            "support": 612.0
        },
        "accuracy": 0.9418758256274768,
        "macro avg": {
            "precision": 0.9367350459852678,
            "recall": 0.949380824022144,
            "f1-score": 0.9406681689036935,
            "support": 1514.0
        },
        "weighted avg": {
            "precision": 0.947233821310906,
            "recall": 0.9418758256274768,
            "f1-score": 0.9422895598754396,
            "support": 1514.0
        }
    },
    "confusion_matrix": [
        [
            821,
            81
        ],
        [
            7,
            605
        ]
    ],
    "roc_auc_score": 0.9753941857600393,
    "y_col": "is_bot",
    "x_scaled": false,
    "grid_search": {
        "model_type": "RandomForestClassifier",
        "k_folds": 5,
        "param_grid": {
            "classifier__n_estimators": [
                50,
                100,
                150,
                250
            ],
            "classifier__criterion": [
                "gini",
                "log_loss"
            ],
            "classifier__min_samples_leaf": [
                1,
                5,
                10,
                25,
                50,
                100
            ]
        },
        "best_params": {
            "classifier__criterion": "gini",
            "classifier__min_samples_leaf": 5,
            "classifier__n_estimators": 250
        },
        "best_score": 0.9772588827285714
    }
}