{
    "classification_report": {
        "0": {
            "precision": 0.8567375886524823,
            "recall": 0.9853181076672104,
            "f1-score": 0.9165402124430955,
            "support": 1226.0
        },
        "1": {
            "precision": 0.8269230769230769,
            "recall": 0.2986111111111111,
            "f1-score": 0.4387755102040816,
            "support": 288.0
        },
        "accuracy": 0.8546895640686922,
        "macro avg": {
            "precision": 0.8418303327877796,
            "recall": 0.6419646093891608,
            "f1-score": 0.6776578613235885,
            "support": 1514.0
        },
        "weighted avg": {
            "precision": 0.8510661359589099,
            "recall": 0.8546895640686922,
            "f1-score": 0.8256576270766252,
            "support": 1514.0
        }
    },
    "class_names": [
        0,
        1
    ],
    "confusion_matrix": [
        [
            1208,
            18
        ],
        [
            202,
            86
        ]
    ],
    "roc_auc_score": 0.6419646093891608,
    "roc_auc_score_proba": 0.7815133904295813,
    "roc_curve_auc": 0.7815133904295813,
    "grid_search": {
        "x_scaled": false,
        "model_type": "LogisticRegression",
        "k_folds": 5,
        "param_grid": {
            "classifier__max_iter": [
                25,
                1000
            ]
        },
        "best_params": {
            "classifier__max_iter": 25
        },
        "best_score": 0.7707780793507829
    }
}