{
    "coefs": {
        "0": 0.011300000362098217,
        "1": 0.009700000286102295,
        "2": 0.006599999964237213,
        "3": 0.004999999888241291,
        "4": 0.006300000008195639,
        "5": 0.005499999970197678,
        "6": 0.004999999888241291,
        "7": 0.004000000189989805,
        "8": 0.005799999926239252,
        "9": 0.009600000455975533,
        "10": 0.006300000008195639,
        "11": 0.09269999712705612,
        "12": 0.007499999832361937,
        "13": 0.008299999870359898,
        "14": 0.004699999932199717,
        "15": 0.0044999998062849045,
        "16": 0.008200000040233135,
        "17": 0.004000000189989805,
        "18": 0.007199999876320362,
        "19": 0.006599999964237213,
        "20": 0.004100000020116568,
        "21": 0.007000000216066837,
        "22": 0.012000000104308128,
        "23": 0.0052999998442828655,
        "24": 0.006300000008195639,
        "25": 0.010900000110268593,
        "26": 0.0044999998062849045,
        "27": 0.007300000172108412,
        "28": 0.0038999998942017555,
        "29": 0.006300000008195639,
        "30": 0.0044999998062849045,
        "31": 0.016599999740719795,
        "32": 0.007199999876320362,
        "33": 0.006399999838322401,
        "34": 0.005200000014156103,
        "35": 0.21439999341964722,
        "36": 0.005499999970197678,
        "37": 0.003599999938160181,
        "38": 0.003599999938160181,
        "39": 0.004600000102072954,
        "40": 0.009200000204145908,
        "41": 0.005799999926239252,
        "42": 0.007000000216066837,
        "43": 0.008100000210106373,
        "44": 0.0038999998942017555,
        "45": 0.007300000172108412,
        "46": 0.008200000040233135,
        "47": 0.004900000058114529,
        "48": 0.007300000172108412,
        "49": 0.004600000102072954,
        "50": 0.004100000020116568,
        "51": 0.005799999926239252,
        "52": 0.005100000184029341,
        "53": 0.013899999670684338,
        "54": 0.007899999618530273,
        "55": 0.005200000014156103,
        "56": 0.0066999997943639755,
        "57": 0.007199999876320362,
        "58": 0.047600001096725464,
        "59": 0.0035000001080334187,
        "60": 0.004999999888241291,
        "61": 0.007000000216066837,
        "62": 0.004399999976158142,
        "63": 0.004999999888241291,
        "64": 0.006300000008195639,
        "65": 0.005200000014156103,
        "66": 0.004699999932199717,
        "67": 0.0038999998942017555,
        "68": 0.009600000455975533,
        "69": 0.004399999976158142,
        "70": 0.006500000134110451,
        "71": 0.006500000134110451,
        "72": 0.0035000001080334187,
        "73": 0.010099999606609344,
        "74": 0.005900000222027302,
        "75": 0.006800000090152025,
        "76": 0.026599999517202377,
        "77": 0.006399999838322401,
        "78": 0.0071000000461936,
        "79": 0.005200000014156103,
        "80": 0.004800000227987766,
        "81": 0.005400000140070915,
        "82": 0.00800000037997961,
        "83": 0.01269999984651804,
        "84": 0.0031999999191612005,
        "85": 0.006500000134110451,
        "86": 0.003700000001117587,
        "87": 0.0035000001080334187,
        "88": 0.007000000216066837,
        "89": 0.004399999976158142,
        "90": 0.005400000140070915,
        "91": 0.006599999964237213,
        "92": 0.005900000222027302,
        "93": 0.00800000037997961,
        "94": 0.007400000002235174,
        "95": 0.006899999920278788,
        "96": 0.007499999832361937,
        "97": 0.0066999997943639755,
        "98": 0.007199999876320362,
        "99": 0.007899999618530273
    }
}