{
    "kmodes_params": {
        "init": "Huang",
        "max_iter": 100,
        "n_clusters": 2,
        "n_init": 10,
        "n_jobs": -1,
        "random_state": 99,
        "verbose": 1
    },
    "kmodes_cost": 11523071.0,
    "n_clusters": 2,
    "value_counts": [
        {
            "cluster_label": 0,
            "count": 7528
        },
        {
            "cluster_label": 1,
            "count": 38
        }
    ],
    "adjusted_rand_score": {
        "is_bot": -0.0029721580271327617,
        "opinion_community": -0.004444548035544976,
        "is_q": -0.008096907913578016
    },
    "adjusted_mutual_info_score": {
        "is_bot": 0.007312563898535068,
        "opinion_community": 0.006257540997324138,
        "is_q": 0.0006151542278258181
    },
    "homogeneity_score": {
        "is_bot": 0.003925319355619673,
        "opinion_community": 0.003383623477559574,
        "is_q": 0.0010741286154201985
    },
    "completeness_score": {
        "is_bot": 0.0840717940791526,
        "opinion_community": 0.06956365386299672,
        "is_q": 0.003772258485364964
    },
    "v_measure_score": {
        "is_bot": 0.007500442404970193,
        "opinion_community": 0.006453351543109654,
        "is_q": 0.0016721284122086402
    },
    "fowlkes_mallows_score": {
        "is_bot": 0.7138881336957298,
        "opinion_community": 0.7316910577622725,
        "is_q": 0.9717601310655213
    },
    "silhouette_score": {
        "all_features": 0.09828210373103605,
        "is_bot": -0.4115351269924703,
        "opinion_community": -0.5107975724786136,
        "is_q": -0.9660139174362198
    },
    "calinski_harabasz_score": {
        "all_features": 50.28423569614835,
        "is_bot": 26.596400337075885,
        "opinion_community": 20.94026989309108,
        "is_q": 0.9147356884771108
    },
    "davies_bouldin_score": {
        "all_features": 0.9177038807818519,
        "is_bot": 1.1764080765143465,
        "opinion_community": 1.289319872476089,
        "is_q": 1.95297555791711
    }
}