{
    "spectral_params": {
        "affinity": "rbf",
        "assign_labels": "kmeans",
        "coef0": 1,
        "degree": 3,
        "eigen_solver": null,
        "eigen_tol": "auto",
        "gamma": 1.0,
        "kernel_params": null,
        "n_clusters": 2,
        "n_components": null,
        "n_init": 10,
        "n_jobs": null,
        "n_neighbors": 10,
        "random_state": 99,
        "verbose": false
    },
    "n_clusters": 2,
    "value_counts": [
        {
            "cluster_label": 1,
            "count": 4207
        },
        {
            "cluster_label": 0,
            "count": 3359
        }
    ],
    "adjusted_rand_score": {
        "is_bot": 0.49936364407698974,
        "opinion_community": -0.000804862098191545
    },
    "silhouette_score": {
        "all_features": 0.10823370301595785,
        "is_bot": 0.5988277760026027,
        "opinion_community": -0.0015514557875503986
    },
    "calinski_harabasz_score": {
        "all_features": 635.9633872636689,
        "is_bot": 9373.337922238794,
        "opinion_community": 23.30072543801407
    },
    "davies_bouldin_score": {
        "all_features": 3.4242920399180496,
        "is_bot": 0.5277624964021499,
        "opinion_community": 17.02538253664288
    }
}