{
    "classification_report": {
        "0.0": {
            "precision": 0.8688524590163934,
            "recall": 0.742296918767507,
            "f1-score": 0.8006042296072509,
            "support": 357.0
        },
        "1.0": {
            "precision": 0.7401129943502824,
            "recall": 0.8675496688741722,
            "f1-score": 0.7987804878048781,
            "support": 302.0
        },
        "accuracy": 0.7996965098634294,
        "macro avg": {
            "precision": 0.8044827266833379,
            "recall": 0.8049232938208396,
            "f1-score": 0.7996923587060645,
            "support": 659.0
        },
        "weighted avg": {
            "precision": 0.8098550108689495,
            "recall": 0.7996965098634294,
            "f1-score": 0.7997684632577567,
            "support": 659.0
        }
    },
    "class_names": [
        0.0,
        1.0
    ],
    "confusion_matrix": [
        [
            265,
            92
        ],
        [
            40,
            262
        ]
    ],
    "roc_auc_score": 0.8049232938208396,
    "roc_auc_score_proba": 0.8543695623944942,
    "roc_curve_auc": 0.8543695623944942,
    "grid_search": {
        "x_scaled": false,
        "model_type": "LogisticRegression",
        "k_folds": 5,
        "param_grid": {
            "classifier__max_iter": [
                25,
                1000
            ]
        },
        "best_params": {
            "classifier__max_iter": 25
        },
        "best_score": 0.8483440487487732
    }
}