{
    "class_names": [
        "False",
        "True"
    ],
    "class_labels": [
        "Human",
        "Bot"
    ],
    "classification_report": {
        "Human": {
            "precision": 0.8358395989974937,
            "recall": 0.7394678492239468,
            "f1-score": 0.7847058823529413,
            "support": 902.0
        },
        "Bot": {
            "precision": 0.6717877094972067,
            "recall": 0.7859477124183006,
            "f1-score": 0.7243975903614457,
            "support": 612.0
        },
        "accuracy": 0.7582562747688243,
        "macro avg": {
            "precision": 0.7538136542473501,
            "recall": 0.7627077808211238,
            "f1-score": 0.7545517363571934,
            "support": 1514.0
        },
        "weighted avg": {
            "precision": 0.7695253609696366,
            "recall": 0.7582562747688243,
            "f1-score": 0.7603276295796287,
            "support": 1514.0
        }
    },
    "confusion_matrix": [
        [
            667,
            235
        ],
        [
            131,
            481
        ]
    ],
    "roc_auc_score": 0.8485980681999333,
    "y_col": "is_bot",
    "x_scaled": false,
    "grid_search": {
        "model_type": "XGBClassifier",
        "k_folds": 5,
        "param_grid": {},
        "best_params": {},
        "best_score": 0.8329569601017404
    }
}