{
    "classification_report": {
        "0": {
            "precision": 0.8701298701298701,
            "recall": 0.9836867862969005,
            "f1-score": 0.9234303215926493,
            "support": 1226.0
        },
        "1": {
            "precision": 0.84375,
            "recall": 0.375,
            "f1-score": 0.5192307692307693,
            "support": 288.0
        },
        "accuracy": 0.8678996036988111,
        "macro avg": {
            "precision": 0.856939935064935,
            "recall": 0.6793433931484503,
            "f1-score": 0.7213305454117093,
            "support": 1514.0
        },
        "weighted avg": {
            "precision": 0.8651117706599872,
            "recall": 0.8678996036988111,
            "f1-score": 0.846541635278104,
            "support": 1514.0
        }
    },
    "class_names": [
        0,
        1
    ],
    "confusion_matrix": [
        [
            1206,
            20
        ],
        [
            180,
            108
        ]
    ],
    "roc_auc_score": 0.6793433931484503,
    "roc_auc_score_proba": 0.8550361382998006,
    "roc_curve_auc": 0.8550361382998006,
    "grid_search": {
        "x_scaled": false,
        "model_type": "RandomForestClassifier",
        "k_folds": 5,
        "param_grid": {
            "classifier__n_estimators": [
                50,
                100,
                150,
                250
            ],
            "classifier__criterion": [
                "gini",
                "log_loss"
            ],
            "classifier__min_samples_leaf": [
                1,
                5,
                10,
                25,
                50,
                100
            ]
        },
        "best_params": {
            "classifier__criterion": "log_loss",
            "classifier__min_samples_leaf": 5,
            "classifier__n_estimators": 250
        },
        "best_score": 0.8233819683743782
    }
}