{
    "class_names": [
        "0.0",
        "1.0"
    ],
    "class_labels": [
        "Human",
        "Bot"
    ],
    "classification_report": {
        "Human": {
            "precision": 0.8988256549232159,
            "recall": 0.8644656820156386,
            "f1-score": 0.8813108945969885,
            "support": 1151.0
        },
        "Bot": {
            "precision": 0.6167076167076168,
            "recall": 0.6914600550964187,
            "f1-score": 0.6519480519480519,
            "support": 363.0
        },
        "accuracy": 0.8229854689564069,
        "macro avg": {
            "precision": 0.7577666358154163,
            "recall": 0.7779628685560287,
            "f1-score": 0.7666294732725203,
            "support": 1514.0
        },
        "weighted avg": {
            "precision": 0.8311844079798456,
            "recall": 0.8229854689564069,
            "f1-score": 0.8263183504215831,
            "support": 1514.0
        }
    },
    "confusion_matrix": [
        [
            995,
            156
        ],
        [
            112,
            251
        ]
    ],
    "roc_auc_score": 0.886956604988356,
    "y_col": "is_bom_astroturf",
    "x_scaled": false,
    "grid_search": {
        "model_type": "RandomForestClassifier",
        "k_folds": 5,
        "param_grid": {
            "classifier__n_estimators": [
                50,
                100,
                150,
                250
            ]
        },
        "best_params": {
            "classifier__n_estimators": 250
        },
        "best_score": 0.8972351708128482
    },
    "model_params": {
        "bootstrap": true,
        "ccp_alpha": 0.0,
        "class_weight": null,
        "criterion": "gini",
        "max_depth": null,
        "max_features": "sqrt",
        "max_leaf_nodes": null,
        "max_samples": null,
        "min_impurity_decrease": 0.0,
        "min_samples_leaf": 1,
        "min_samples_split": 2,
        "min_weight_fraction_leaf": 0.0,
        "n_estimators": 250,
        "n_jobs": null,
        "oob_score": false,
        "random_state": 99,
        "verbose": 0,
        "warm_start": false
    }
}