{
    "class_names": [
        "0",
        "1",
        "2",
        "3"
    ],
    "class_labels": [
        "Anti-Trump Bot",
        "Anti-Trump Human",
        "Pro-Trump Bot",
        "Pro-Trump Human"
    ],
    "classification_report": {
        "Anti-Trump Bot": {
            "precision": 0.8475750577367206,
            "recall": 0.9786666666666667,
            "f1-score": 0.9084158415841584,
            "support": 375.0
        },
        "Anti-Trump Human": {
            "precision": 0.7606382978723404,
            "recall": 0.9079365079365079,
            "f1-score": 0.8277858176555717,
            "support": 630.0
        },
        "Pro-Trump Bot": {
            "precision": 0.8773946360153256,
            "recall": 0.9662447257383966,
            "f1-score": 0.9196787148594378,
            "support": 237.0
        },
        "Pro-Trump Human": {
            "precision": 0.9705882352941176,
            "recall": 0.2426470588235294,
            "f1-score": 0.38823529411764707,
            "support": 272.0
        },
        "accuracy": 0.8150594451783355,
        "macro avg": {
            "precision": 0.8640490567296261,
            "recall": 0.7738737397912752,
            "f1-score": 0.7610289170542037,
            "support": 1514.0
        },
        "weighted avg": {
            "precision": 0.8381673071641195,
            "recall": 0.8150594451783355,
            "f1-score": 0.7831736203030094,
            "support": 1514.0
        }
    },
    "confusion_matrix": [
        [
            367,
            4,
            4,
            0
        ],
        [
            55,
            572,
            1,
            2
        ],
        [
            8,
            0,
            229,
            0
        ],
        [
            3,
            176,
            27,
            66
        ]
    ],
    "roc_auc_score": 0.9479392943064424,
    "grid_search": {
        "x_scaled": false,
        "model_type": "RandomForestClassifier",
        "k_folds": 5,
        "param_grid": {
            "classifier__n_estimators": [
                50,
                100,
                150,
                250
            ],
            "classifier__criterion": [
                "gini",
                "log_loss"
            ],
            "classifier__min_samples_leaf": [
                1,
                5,
                10,
                25,
                50,
                100
            ]
        },
        "best_params": {
            "classifier__criterion": "gini",
            "classifier__min_samples_leaf": 1,
            "classifier__n_estimators": 250
        },
        "best_score": 0.9450252568960206
    }
}