{
    "classification_report": {
        "0.0": {
            "precision": 0.8562874251497006,
            "recall": 0.8696785403996524,
            "f1-score": 0.8629310344827587,
            "support": 1151.0
        },
        "1.0": {
            "precision": 0.5652173913043478,
            "recall": 0.5371900826446281,
            "f1-score": 0.5508474576271186,
            "support": 363.0
        },
        "accuracy": 0.7899603698811096,
        "macro avg": {
            "precision": 0.7107524082270242,
            "recall": 0.7034343115221402,
            "f1-score": 0.7068892460549386,
            "support": 1514.0
        },
        "weighted avg": {
            "precision": 0.7864998278670963,
            "recall": 0.7899603698811096,
            "f1-score": 0.7881051834929321,
            "support": 1514.0
        }
    },
    "class_names": [
        0.0,
        1.0
    ],
    "confusion_matrix": [
        [
            1001,
            150
        ],
        [
            168,
            195
        ]
    ],
    "roc_auc_score": 0.7034343115221404,
    "roc_auc_score_proba": 0.8459597954108656,
    "roc_curve_auc": 0.8459597954108656,
    "grid_search": {
        "x_scaled": false,
        "model_type": "XGBClassifier",
        "k_folds": 5,
        "param_grid": {},
        "best_params": {},
        "best_score": 0.860080332472406
    }
}