{
    "classification_report": {
        "0.0": {
            "precision": 0.7645369705671213,
            "recall": 0.9350307287093942,
            "f1-score": 0.8412322274881517,
            "support": 1139.0
        },
        "1.0": {
            "precision": 0.3884297520661157,
            "recall": 0.12533333333333332,
            "f1-score": 0.18951612903225803,
            "support": 375.0
        },
        "accuracy": 0.7344782034346103,
        "macro avg": {
            "precision": 0.5764833613166185,
            "recall": 0.5301820310213637,
            "f1-score": 0.5153741782602049,
            "support": 1514.0
        },
        "weighted avg": {
            "precision": 0.671379634412645,
            "recall": 0.7344782034346103,
            "f1-score": 0.6798098120846113,
            "support": 1514.0
        }
    },
    "class_names": [
        0.0,
        1.0
    ],
    "confusion_matrix": [
        [
            1065,
            74
        ],
        [
            328,
            47
        ]
    ],
    "roc_auc_score": 0.5301820310213637,
    "roc_auc_score_proba": 0.6652572431957857,
    "roc_curve_auc": 0.6652572431957857,
    "grid_search": {
        "x_scaled": false,
        "model_type": "XGBClassifier",
        "k_folds": 5,
        "param_grid": {},
        "best_params": {},
        "best_score": 0.6200637874381881
    }
}