{
    "classification_report": {
        "0.0": {
            "precision": 0.7588747488278633,
            "recall": 0.9947322212467077,
            "f1-score": 0.8609422492401216,
            "support": 1139.0
        },
        "1.0": {
            "precision": 0.7142857142857143,
            "recall": 0.04,
            "f1-score": 0.07575757575757576,
            "support": 375.0
        },
        "accuracy": 0.7582562747688243,
        "macro avg": {
            "precision": 0.7365802315567889,
            "recall": 0.5173661106233538,
            "f1-score": 0.4683499124988487,
            "support": 1514.0
        },
        "weighted avg": {
            "precision": 0.747830569202166,
            "recall": 0.7582562747688243,
            "f1-score": 0.6664612369838768,
            "support": 1514.0
        }
    },
    "class_names": [
        0.0,
        1.0
    ],
    "confusion_matrix": [
        [
            1133,
            6
        ],
        [
            360,
            15
        ]
    ],
    "roc_auc_score": 0.5173661106233539,
    "grid_search": {
        "x_scaled": false,
        "model_type": "LogisticRegression",
        "k_folds": 5,
        "param_grid": {
            "classifier__max_iter": [
                25,
                1000
            ]
        },
        "best_params": {
            "classifier__max_iter": 25
        },
        "best_score": 0.7368948636789863
    }
}