{
    "class_names": [
        "0.0",
        "1.0"
    ],
    "class_labels": [
        "Human",
        "Bot"
    ],
    "classification_report": {
        "Human": {
            "precision": 0.7588747488278633,
            "recall": 0.9947322212467077,
            "f1-score": 0.8609422492401216,
            "support": 1139.0
        },
        "Bot": {
            "precision": 0.7142857142857143,
            "recall": 0.04,
            "f1-score": 0.07575757575757576,
            "support": 375.0
        },
        "accuracy": 0.7582562747688243,
        "macro avg": {
            "precision": 0.7365802315567889,
            "recall": 0.5173661106233538,
            "f1-score": 0.4683499124988487,
            "support": 1514.0
        },
        "weighted avg": {
            "precision": 0.747830569202166,
            "recall": 0.7582562747688243,
            "f1-score": 0.6664612369838768,
            "support": 1514.0
        }
    },
    "confusion_matrix": [
        [
            1133,
            6
        ],
        [
            360,
            15
        ]
    ],
    "roc_auc_score": 0.7591150131694469,
    "y_col": "is_bom_overall",
    "x_scaled": false,
    "grid_search": {
        "model_type": "LogisticRegression",
        "k_folds": 5,
        "param_grid": {
            "classifier__max_iter": [
                25,
                1000,
                10000
            ]
        },
        "best_params": {
            "classifier__max_iter": 25
        },
        "best_score": 0.7368948636789863
    }
}