{
    "class_names": [
        "0.0",
        "1.0"
    ],
    "class_labels": [
        "Low Quality",
        "High Quality"
    ],
    "classification_report": {
        "Low Quality": {
            "precision": 0.900355871886121,
            "recall": 0.7086834733893558,
            "f1-score": 0.7931034482758621,
            "support": 357.0
        },
        "High Quality": {
            "precision": 0.7248677248677249,
            "recall": 0.9072847682119205,
            "f1-score": 0.8058823529411764,
            "support": 302.0
        },
        "accuracy": 0.7996965098634294,
        "macro avg": {
            "precision": 0.812611798376923,
            "recall": 0.8079841208006382,
            "f1-score": 0.7994929006085192,
            "support": 659.0
        },
        "weighted avg": {
            "precision": 0.8199349001113779,
            "recall": 0.7996965098634294,
            "f1-score": 0.7989596382742308,
            "support": 659.0
        }
    },
    "confusion_matrix": [
        [
            253,
            104
        ],
        [
            28,
            274
        ]
    ],
    "roc_auc_score": 0.841003951249374,
    "y_col": "is_factual",
    "x_scaled": false,
    "grid_search": {
        "model_type": "RandomForestClassifier",
        "k_folds": 5,
        "param_grid": {
            "classifier__n_estimators": [
                50,
                100,
                150,
                250
            ],
            "classifier__criterion": [
                "gini",
                "log_loss"
            ],
            "classifier__min_samples_leaf": [
                1,
                5,
                10,
                25,
                50,
                100
            ]
        },
        "best_params": {
            "classifier__criterion": "gini",
            "classifier__min_samples_leaf": 25,
            "classifier__n_estimators": 250
        },
        "best_score": 0.8372127915125626
    }
}