{
    "class_names": [
        "False",
        "True"
    ],
    "class_labels": [
        "Human",
        "Bot"
    ],
    "classification_report": {
        "Human": {
            "precision": 0.9822064056939501,
            "recall": 0.917960088691796,
            "f1-score": 0.9489971346704871,
            "support": 902.0
        },
        "Bot": {
            "precision": 0.8897168405365127,
            "recall": 0.9754901960784313,
            "f1-score": 0.9306313328137178,
            "support": 612.0
        },
        "accuracy": 0.9412153236459709,
        "macro avg": {
            "precision": 0.9359616231152315,
            "recall": 0.9467251423851137,
            "f1-score": 0.9398142337421025,
            "support": 1514.0
        },
        "weighted avg": {
            "precision": 0.9448196065682224,
            "recall": 0.9412153236459709,
            "f1-score": 0.941573177777262,
            "support": 1514.0
        }
    },
    "confusion_matrix": [
        [
            828,
            74
        ],
        [
            15,
            597
        ]
    ],
    "roc_auc_score": 0.9718744112574816,
    "y_col": "is_bot",
    "x_scaled": false,
    "grid_search": {
        "model_type": "LogisticRegression",
        "k_folds": 5,
        "param_grid": {
            "classifier__max_iter": [
                25,
                1000,
                10000
            ]
        },
        "best_params": {
            "classifier__max_iter": 25
        },
        "best_score": 0.9726227182015104
    }
}