{
    "class_names": [
        "0",
        "1"
    ],
    "class_labels": [
        "Anti-Trump",
        "Pro-Trump"
    ],
    "classification_report": {
        "Anti-Trump": {
            "precision": 0.8514760147601476,
            "recall": 0.918407960199005,
            "f1-score": 0.8836764001914791,
            "support": 1005.0
        },
        "Pro-Trump": {
            "precision": 0.8093023255813954,
            "recall": 0.6836935166994106,
            "f1-score": 0.7412140575079871,
            "support": 509.0
        },
        "accuracy": 0.8394980184940555,
        "macro avg": {
            "precision": 0.8303891701707715,
            "recall": 0.8010507384492078,
            "f1-score": 0.812445228849733,
            "support": 1514.0
        },
        "weighted avg": {
            "precision": 0.8372974098777268,
            "recall": 0.8394980184940555,
            "f1-score": 0.8357812004385745,
            "support": 1514.0
        }
    },
    "confusion_matrix": [
        [
            923,
            82
        ],
        [
            161,
            348
        ]
    ],
    "roc_auc_score": 0.9013625389750658,
    "y_col": "opinion_community",
    "x_scaled": false,
    "grid_search": {
        "model_type": "XGBClassifier",
        "k_folds": 5,
        "param_grid": {},
        "best_params": {},
        "best_score": 0.9054500182068754
    }
}