{
    "class_names": [
        "0.0",
        "1.0"
    ],
    "class_labels": [
        "Human",
        "Bot"
    ],
    "classification_report": {
        "Human": {
            "precision": 0.774888558692422,
            "recall": 0.9157155399473222,
            "f1-score": 0.8394366197183097,
            "support": 1139.0
        },
        "Bot": {
            "precision": 0.42857142857142855,
            "recall": 0.192,
            "f1-score": 0.26519337016574585,
            "support": 375.0
        },
        "accuracy": 0.7364597093791282,
        "macro avg": {
            "precision": 0.6017299936319253,
            "recall": 0.5538577699736611,
            "f1-score": 0.5523149949420278,
            "support": 1514.0
        },
        "weighted avg": {
            "precision": 0.689109877189534,
            "recall": 0.7364597093791282,
            "f1-score": 0.6972033181448544,
            "support": 1514.0
        }
    },
    "confusion_matrix": [
        [
            1043,
            96
        ],
        [
            303,
            72
        ]
    ],
    "roc_auc_score": 0.7063096283289435,
    "y_col": "is_bom_overall",
    "x_scaled": false,
    "grid_search": {
        "model_type": "XGBClassifier",
        "k_folds": 5,
        "param_grid": {},
        "best_params": {},
        "best_score": 0.7126434728467533
    }
}