{
    "class_names": [
        "False",
        "True"
    ],
    "class_labels": [
        "Human",
        "Bot"
    ],
    "classification_report": {
        "Human": {
            "precision": 0.7607934655775963,
            "recall": 0.7228381374722838,
            "f1-score": 0.741330301307561,
            "support": 902.0
        },
        "Bot": {
            "precision": 0.619482496194825,
            "recall": 0.6650326797385621,
            "f1-score": 0.6414499605988968,
            "support": 612.0
        },
        "accuracy": 0.6994715984147952,
        "macro avg": {
            "precision": 0.6901379808862107,
            "recall": 0.6939354086054229,
            "f1-score": 0.6913901309532289,
            "support": 1514.0
        },
        "weighted avg": {
            "precision": 0.7036717263026583,
            "recall": 0.6994715984147952,
            "f1-score": 0.7009559495812053,
            "support": 1514.0
        }
    },
    "confusion_matrix": [
        [
            652,
            250
        ],
        [
            205,
            407
        ]
    ],
    "roc_auc_score": 0.7656659855368607,
    "y_col": "is_bot",
    "x_scaled": false,
    "grid_search": {
        "model_type": "LogisticRegression",
        "k_folds": 5,
        "param_grid": {
            "classifier__max_iter": [
                25,
                1000,
                10000
            ]
        },
        "best_params": {
            "classifier__max_iter": 25
        },
        "best_score": 0.7688117076125722
    }
}