{
    "class_names": [
        "0.0",
        "1.0"
    ],
    "class_labels": [
        "Human",
        "Bot"
    ],
    "classification_report": {
        "Human": {
            "precision": 0.856326530612245,
            "recall": 0.9113814074717637,
            "f1-score": 0.882996632996633,
            "support": 1151.0
        },
        "Bot": {
            "precision": 0.6470588235294118,
            "recall": 0.5151515151515151,
            "f1-score": 0.5736196319018405,
            "support": 363.0
        },
        "accuracy": 0.8163804491413474,
        "macro avg": {
            "precision": 0.7516926770708283,
            "recall": 0.7132664613116394,
            "f1-score": 0.7283081324492368,
            "support": 1514.0
        },
        "weighted avg": {
            "precision": 0.8061520407370347,
            "recall": 0.8163804491413474,
            "f1-score": 0.8088197166178949,
            "support": 1514.0
        }
    },
    "confusion_matrix": [
        [
            1049,
            102
        ],
        [
            176,
            187
        ]
    ],
    "roc_auc_score": 0.8787735182964627,
    "y_col": "is_bom_astroturf",
    "x_scaled": false,
    "grid_search": {
        "model_type": "LogisticRegression",
        "k_folds": 5,
        "param_grid": {
            "classifier__max_iter": [
                25,
                1000,
                10000
            ]
        },
        "best_params": {
            "classifier__max_iter": 1000
        },
        "best_score": 0.8906725677390346
    }
}