{
    "class_names": [
        "0.0",
        "1.0"
    ],
    "class_labels": [
        "Human",
        "Bot"
    ],
    "classification_report": {
        "Human": {
            "precision": 0.8290816326530612,
            "recall": 0.8470894874022589,
            "f1-score": 0.8379888268156426,
            "support": 1151.0
        },
        "Bot": {
            "precision": 0.47928994082840237,
            "recall": 0.4462809917355372,
            "f1-score": 0.4621968616262482,
            "support": 363.0
        },
        "accuracy": 0.7509907529722589,
        "macro avg": {
            "precision": 0.6541857867407318,
            "recall": 0.646685239568898,
            "f1-score": 0.6500928442209454,
            "support": 1514.0
        },
        "weighted avg": {
            "precision": 0.7452148003331464,
            "recall": 0.7509907529722589,
            "f1-score": 0.7478881112517389,
            "support": 1514.0
        }
    },
    "confusion_matrix": [
        [
            975,
            176
        ],
        [
            201,
            162
        ]
    ],
    "roc_auc_score": 0.8276453820249728,
    "y_col": "is_bom_astroturf",
    "x_scaled": false,
    "grid_search": {
        "model_type": "LogisticRegression",
        "k_folds": 5,
        "param_grid": {
            "classifier__max_iter": [
                25,
                1000,
                10000
            ]
        },
        "best_params": {
            "classifier__max_iter": 25
        },
        "best_score": 0.8373704760670945
    }
}