{
    "class_names": [
        "0.0",
        "1.0"
    ],
    "class_labels": [
        "Human",
        "Bot"
    ],
    "classification_report": {
        "Human": {
            "precision": 0.759641873278237,
            "recall": 0.9582971329278888,
            "f1-score": 0.8474836726853631,
            "support": 1151.0
        },
        "Bot": {
            "precision": 0.22580645161290322,
            "recall": 0.03856749311294766,
            "f1-score": 0.06588235294117649,
            "support": 363.0
        },
        "accuracy": 0.73778071334214,
        "macro avg": {
            "precision": 0.4927241624455701,
            "recall": 0.49843231302041824,
            "f1-score": 0.4566830128132698,
            "support": 1514.0
        },
        "weighted avg": {
            "precision": 0.6316483078459277,
            "recall": 0.73778071334214,
            "f1-score": 0.6600852056661162,
            "support": 1514.0
        }
    },
    "confusion_matrix": [
        [
            1103,
            48
        ],
        [
            349,
            14
        ]
    ],
    "roc_auc_score": 0.7042672200242692,
    "y_col": "is_bom_astroturf",
    "x_scaled": false,
    "grid_search": {
        "model_type": "LogisticRegression",
        "k_folds": 5,
        "param_grid": {
            "classifier__max_iter": [
                25,
                1000,
                10000
            ]
        },
        "best_params": {
            "classifier__max_iter": 1000
        },
        "best_score": 0.7167569330933026
    }
}