{
    "class_names": [
        "0.0",
        "1.0"
    ],
    "class_labels": [
        "Low Quality",
        "High Quality"
    ],
    "classification_report": {
        "Low Quality": {
            "precision": 0.9280575539568345,
            "recall": 0.7226890756302521,
            "f1-score": 0.8125984251968503,
            "support": 357.0
        },
        "High Quality": {
            "precision": 0.7401574803149606,
            "recall": 0.9337748344370861,
            "f1-score": 0.8257686676427525,
            "support": 302.0
        },
        "accuracy": 0.8194233687405159,
        "macro avg": {
            "precision": 0.8341075171358976,
            "recall": 0.8282319550336691,
            "f1-score": 0.8191835464198014,
            "support": 659.0
        },
        "weighted avg": {
            "precision": 0.8419485672499364,
            "recall": 0.8194233687405159,
            "f1-score": 0.8186339536014975,
            "support": 659.0
        }
    },
    "confusion_matrix": [
        [
            258,
            99
        ],
        [
            20,
            282
        ]
    ],
    "roc_auc_score": 0.8700586194742799,
    "y_col": "is_factual",
    "x_scaled": false,
    "grid_search": {
        "model_type": "RandomForestClassifier",
        "k_folds": 5,
        "param_grid": {
            "classifier__n_estimators": [
                50,
                100,
                150,
                250
            ],
            "classifier__criterion": [
                "gini",
                "log_loss"
            ],
            "classifier__min_samples_leaf": [
                1,
                5,
                10,
                25,
                50,
                100
            ]
        },
        "best_params": {
            "classifier__criterion": "log_loss",
            "classifier__min_samples_leaf": 1,
            "classifier__n_estimators": 250
        },
        "best_score": 0.8549887760135354
    }
}