{
    "class_names": [
        "0",
        "1"
    ],
    "class_labels": [
        "Anti-Trump",
        "Pro-Trump"
    ],
    "classification_report": {
        "Anti-Trump": {
            "precision": 0.8993414863593603,
            "recall": 0.9512437810945273,
            "f1-score": 0.9245647969052224,
            "support": 1005.0
        },
        "Pro-Trump": {
            "precision": 0.8913525498891353,
            "recall": 0.7897838899803536,
            "f1-score": 0.8375000000000001,
            "support": 509.0
        },
        "accuracy": 0.8969616908850726,
        "macro avg": {
            "precision": 0.8953470181242478,
            "recall": 0.8705138355374404,
            "f1-score": 0.8810323984526113,
            "support": 1514.0
        },
        "weighted avg": {
            "precision": 0.8966556417996875,
            "recall": 0.8969616908850726,
            "f1-score": 0.8952940032296888,
            "support": 1514.0
        }
    },
    "confusion_matrix": [
        [
            956,
            49
        ],
        [
            107,
            402
        ]
    ],
    "roc_auc_score": 0.9344026429737364,
    "y_col": "opinion_community",
    "x_scaled": false,
    "grid_search": {
        "model_type": "XGBClassifier",
        "k_folds": 5,
        "param_grid": {},
        "best_params": {},
        "best_score": 0.9175369678711054
    }
}