{
    "classification_report": {
        "0.0": {
            "precision": 0.9166666666666666,
            "recall": 0.7086834733893558,
            "f1-score": 0.7993680884676145,
            "support": 357.0
        },
        "1.0": {
            "precision": 0.7284595300261096,
            "recall": 0.9238410596026491,
            "f1-score": 0.8145985401459855,
            "support": 302.0
        },
        "accuracy": 0.8072837632776935,
        "macro avg": {
            "precision": 0.8225630983463881,
            "recall": 0.8162622664960024,
            "f1-score": 0.8069833143068,
            "support": 659.0
        },
        "weighted avg": {
            "precision": 0.8304169621667453,
            "recall": 0.8072837632776935,
            "f1-score": 0.8063477491760638,
            "support": 659.0
        }
    },
    "class_names": [
        0.0,
        1.0
    ],
    "confusion_matrix": [
        [
            253,
            104
        ],
        [
            23,
            279
        ]
    ],
    "roc_auc_score": 0.8162622664960023,
    "roc_auc_score_proba": 0.838935574229692,
    "roc_curve_auc": 0.838935574229692,
    "grid_search": {
        "x_scaled": false,
        "model_type": "RandomForestClassifier",
        "k_folds": 5,
        "param_grid": {
            "classifier__n_estimators": [
                50,
                100,
                150,
                250
            ],
            "classifier__criterion": [
                "gini",
                "log_loss"
            ],
            "classifier__min_samples_leaf": [
                1,
                5,
                10,
                25,
                50,
                100
            ]
        },
        "best_params": {
            "classifier__criterion": "gini",
            "classifier__min_samples_leaf": 5,
            "classifier__n_estimators": 100
        },
        "best_score": 0.8476063505973727
    }
}