{
    "class_names": [
        "False",
        "True"
    ],
    "class_labels": [
        "Human",
        "Bot"
    ],
    "classification_report": {
        "Human": {
            "precision": 0.8461538461538461,
            "recall": 0.7682926829268293,
            "f1-score": 0.8053457292271936,
            "support": 902.0
        },
        "Bot": {
            "precision": 0.6992805755395683,
            "recall": 0.7941176470588235,
            "f1-score": 0.7436878347360368,
            "support": 612.0
        },
        "accuracy": 0.7787318361955086,
        "macro avg": {
            "precision": 0.7727172108467073,
            "recall": 0.7812051649928264,
            "f1-score": 0.7745167819816152,
            "support": 1514.0
        },
        "weighted avg": {
            "precision": 0.7867836733560006,
            "recall": 0.7787318361955086,
            "f1-score": 0.7804219303972147,
            "support": 1514.0
        }
    },
    "confusion_matrix": [
        [
            693,
            209
        ],
        [
            126,
            486
        ]
    ],
    "roc_auc_score": 0.8615331942089475,
    "y_col": "is_bot",
    "x_scaled": false,
    "grid_search": {
        "model_type": "RandomForestClassifier",
        "k_folds": 5,
        "param_grid": {
            "classifier__n_estimators": [
                50,
                100,
                150,
                250
            ],
            "classifier__criterion": [
                "gini",
                "log_loss"
            ],
            "classifier__min_samples_leaf": [
                1,
                5,
                10,
                25,
                50,
                100
            ]
        },
        "best_params": {
            "classifier__criterion": "log_loss",
            "classifier__min_samples_leaf": 10,
            "classifier__n_estimators": 250
        },
        "best_score": 0.8507108308263052
    }
}