{
    "class_names": [
        "0.0",
        "1.0"
    ],
    "class_labels": [
        "Human",
        "Bot"
    ],
    "classification_report": {
        "Human": {
            "precision": 0.8425259792166268,
            "recall": 0.9157254561251086,
            "f1-score": 0.8776019983347211,
            "support": 1151.0
        },
        "Bot": {
            "precision": 0.6311787072243346,
            "recall": 0.4573002754820937,
            "f1-score": 0.5303514376996804,
            "support": 363.0
        },
        "accuracy": 0.8058124174372523,
        "macro avg": {
            "precision": 0.7368523432204807,
            "recall": 0.6865128658036012,
            "f1-score": 0.7039767180172007,
            "support": 1514.0
        },
        "weighted avg": {
            "precision": 0.7918528882435738,
            "recall": 0.8058124174372523,
            "f1-score": 0.7943444332683275,
            "support": 1514.0
        }
    },
    "confusion_matrix": [
        [
            1054,
            97
        ],
        [
            197,
            166
        ]
    ],
    "roc_auc_score": 0.8713706849715064,
    "y_col": "is_bom_astroturf",
    "x_scaled": false,
    "grid_search": {
        "model_type": "RandomForestClassifier",
        "k_folds": 5,
        "param_grid": {
            "classifier__n_estimators": [
                50,
                100,
                150,
                250
            ],
            "classifier__criterion": [
                "gini",
                "log_loss"
            ],
            "classifier__min_samples_leaf": [
                1,
                5,
                10,
                25,
                50,
                100
            ]
        },
        "best_params": {
            "classifier__criterion": "log_loss",
            "classifier__min_samples_leaf": 10,
            "classifier__n_estimators": 250
        },
        "best_score": 0.8840030168075875
    }
}