{
    "classification_report": {
        "0.0": {
            "precision": 0.8261538461538461,
            "recall": 0.9331016507384883,
            "f1-score": 0.8763769889840881,
            "support": 1151.0
        },
        "1.0": {
            "precision": 0.6401869158878505,
            "recall": 0.3774104683195592,
            "f1-score": 0.47487001733102246,
            "support": 363.0
        },
        "accuracy": 0.7998678996036989,
        "macro avg": {
            "precision": 0.7331703810208483,
            "recall": 0.6552560595290238,
            "f1-score": 0.6756235031575553,
            "support": 1514.0
        },
        "weighted avg": {
            "precision": 0.7815660022393439,
            "recall": 0.7998678996036989,
            "f1-score": 0.7801107864014839,
            "support": 1514.0
        }
    },
    "class_names": [
        0.0,
        1.0
    ],
    "confusion_matrix": [
        [
            1074,
            77
        ],
        [
            226,
            137
        ]
    ],
    "roc_auc_score": 0.6552560595290237,
    "roc_auc_score_proba": 0.8740225890529975,
    "roc_curve_auc": 0.8740225890529975,
    "grid_search": {
        "x_scaled": false,
        "model_type": "RandomForestClassifier",
        "k_folds": 5,
        "param_grid": {
            "classifier__criterion": [
                "gini"
            ],
            "classifier__min_samples_leaf": [
                3,
                5,
                8
            ],
            "classifier__n_estimators": [
                250,
                500,
                1000
            ]
        },
        "best_params": {
            "classifier__criterion": "gini",
            "classifier__min_samples_leaf": 8,
            "classifier__n_estimators": 1000
        },
        "best_score": 0.8839618756747637
    }
}