{
    "class_names": [
        "0.0",
        "1.0"
    ],
    "class_labels": [
        "Human",
        "Bot"
    ],
    "classification_report": {
        "Human": {
            "precision": 0.7767475035663338,
            "recall": 0.9561018437225637,
            "f1-score": 0.8571428571428572,
            "support": 1139.0
        },
        "Bot": {
            "precision": 0.5535714285714286,
            "recall": 0.16533333333333333,
            "f1-score": 0.2546201232032854,
            "support": 375.0
        },
        "accuracy": 0.7602377807133421,
        "macro avg": {
            "precision": 0.6651594660688812,
            "recall": 0.5607175885279485,
            "f1-score": 0.5558814901730713,
            "support": 1514.0
        },
        "weighted avg": {
            "precision": 0.7214694136567634,
            "recall": 0.7602377807133421,
            "f1-score": 0.7079050597668074,
            "support": 1514.0
        }
    },
    "confusion_matrix": [
        [
            1089,
            50
        ],
        [
            313,
            62
        ]
    ],
    "roc_auc_score": 0.7547052970441909,
    "y_col": "is_bom_overall",
    "x_scaled": false,
    "grid_search": {
        "model_type": "LogisticRegression",
        "k_folds": 5,
        "param_grid": {
            "classifier__C": [
                1,
                2,
                5,
                10,
                100
            ],
            "classifier__max_iter": [
                50,
                100,
                500,
                1000
            ]
        },
        "best_params": {
            "classifier__C": 1,
            "classifier__max_iter": 100
        },
        "best_score": 0.7302559171047001
    },
    "model_params": {
        "C": 1,
        "class_weight": null,
        "dual": false,
        "fit_intercept": true,
        "intercept_scaling": 1,
        "l1_ratio": null,
        "max_iter": 100,
        "multi_class": "auto",
        "n_jobs": null,
        "penalty": "l2",
        "random_state": 99,
        "solver": "lbfgs",
        "tol": 0.0001,
        "verbose": 0,
        "warm_start": false
    }
}