{
    "class_names": [
        "0",
        "1"
    ],
    "class_labels": [
        "Normal",
        "Toxic"
    ],
    "classification_report": {
        "Normal": {
            "precision": 0.8465949820788531,
            "recall": 0.9632952691680261,
            "f1-score": 0.9011827546737887,
            "support": 1226.0
        },
        "Toxic": {
            "precision": 0.6218487394957983,
            "recall": 0.2569444444444444,
            "f1-score": 0.3636363636363636,
            "support": 288.0
        },
        "accuracy": 0.8289299867899603,
        "macro avg": {
            "precision": 0.7342218607873257,
            "recall": 0.6101198568062353,
            "f1-score": 0.6324095591550761,
            "support": 1514.0
        },
        "weighted avg": {
            "precision": 0.8038427245729616,
            "recall": 0.8289299867899603,
            "f1-score": 0.7989282232214913,
            "support": 1514.0
        }
    },
    "confusion_matrix": [
        [
            1181,
            45
        ],
        [
            214,
            74
        ]
    ],
    "roc_auc_score": 0.7068294589450788,
    "y_col": "is_toxic",
    "x_scaled": false,
    "grid_search": {
        "model_type": "LogisticRegression",
        "k_folds": 5,
        "param_grid": {
            "classifier__max_iter": [
                25,
                1000,
                10000
            ]
        },
        "best_params": {
            "classifier__max_iter": 25
        },
        "best_score": 0.7036730223536488
    }
}