{
    "coefs": {
        "0": 0.002899999963119626,
        "1": 0.010300000198185444,
        "2": 0.005100000184029341,
        "3": 0.004600000102072954,
        "4": 0.00570000009611249,
        "5": 0.0035000001080334187,
        "6": 0.003700000001117587,
        "7": 0.010200000368058681,
        "8": 0.003000000026077032,
        "9": 0.003599999938160181,
        "10": 0.003700000001117587,
        "11": 0.03849999979138374,
        "12": 0.007300000172108412,
        "13": 0.005100000184029341,
        "14": 0.00430000014603138,
        "15": 0.0035000001080334187,
        "16": 0.0027000000700354576,
        "17": 0.10289999842643738,
        "18": 0.04259999841451645,
        "19": 0.00419999985024333,
        "20": 0.005100000184029341,
        "21": 0.015799999237060547,
        "22": 0.00279999990016222,
        "23": 0.015399999916553497,
        "24": 0.003100000089034438,
        "25": 0.002400000113993883,
        "26": 0.0032999999821186066,
        "27": 0.032499998807907104,
        "28": 0.0032999999821186066,
        "29": 0.009100000374019146,
        "30": 0.0035000001080334187,
        "31": 0.005799999926239252,
        "32": 0.010200000368058681,
        "33": 0.006800000090152025,
        "34": 0.00279999990016222,
        "35": 0.026399999856948853,
        "36": 0.0038999998942017555,
        "37": 0.005799999926239252,
        "38": 0.004800000227987766,
        "39": 0.00570000009611249,
        "40": 0.024299999698996544,
        "41": 0.004399999976158142,
        "42": 0.010300000198185444,
        "43": 0.0020000000949949026,
        "44": 0.008299999870359898,
        "45": 0.015399999916553497,
        "46": 0.006000000052154064,
        "47": 0.007600000128149986,
        "48": 0.0038999998942017555,
        "49": 0.004600000102072954,
        "50": 0.004600000102072954,
        "51": 0.006399999838322401,
        "52": 0.00559999980032444,
        "53": 0.006399999838322401,
        "54": 0.0038999998942017555,
        "55": 0.014299999922513962,
        "56": 0.002300000051036477,
        "57": 0.014299999922513962,
        "58": 0.041600000113248825,
        "59": 0.007400000002235174,
        "60": 0.006200000178068876,
        "61": 0.00419999985024333,
        "62": 0.019500000402331352,
        "63": 0.010700000450015068,
        "64": 0.016899999231100082,
        "65": 0.004100000020116568,
        "66": 0.004900000058114529,
        "67": 0.009999999776482582,
        "68": 0.00570000009611249,
        "69": 0.007600000128149986,
        "70": 0.02019999921321869,
        "71": 0.012199999764561653,
        "72": 0.004699999932199717,
        "73": 0.006399999838322401,
        "74": 0.023900000378489494,
        "75": 0.013700000010430813,
        "76": 0.006599999964237213,
        "77": 0.015300000086426735,
        "78": 0.024299999698996544,
        "79": 0.002199999988079071,
        "80": 0.007300000172108412,
        "81": 0.0034000000450760126,
        "82": 0.005200000014156103,
        "83": 0.00570000009611249,
        "84": 0.003800000064074993,
        "85": 0.002300000051036477,
        "86": 0.0032999999821186066,
        "87": 0.002199999988079071,
        "88": 0.009800000116229057,
        "89": 0.005400000140070915,
        "90": 0.01489999983459711,
        "91": 0.003599999938160181,
        "92": 0.004000000189989805,
        "93": 0.04560000076889992,
        "94": 0.01269999984651804,
        "95": 0.0066999997943639755,
        "96": 0.005100000184029341,
        "97": 0.0031999999191612005,
        "98": 0.004399999976158142,
        "99": 0.00279999990016222
    }
}