{
    "classification_report": {
        "0.0": {
            "precision": 0.7788117394416607,
            "recall": 0.945264986967854,
            "f1-score": 0.8540031397174254,
            "support": 1151.0
        },
        "1.0": {
            "precision": 0.46153846153846156,
            "recall": 0.1487603305785124,
            "f1-score": 0.22499999999999998,
            "support": 363.0
        },
        "accuracy": 0.7542932628797886,
        "macro avg": {
            "precision": 0.6201751004900611,
            "recall": 0.5470126587731832,
            "f1-score": 0.5395015698587127,
            "support": 1514.0
        },
        "weighted avg": {
            "precision": 0.7027415942112372,
            "recall": 0.7542932628797886,
            "f1-score": 0.7031919510004997,
            "support": 1514.0
        }
    },
    "class_names": [
        0.0,
        1.0
    ],
    "confusion_matrix": [
        [
            1088,
            63
        ],
        [
            309,
            54
        ]
    ],
    "roc_auc_score": 0.5470126587731832,
    "roc_auc_score_proba": 0.7513325339326444,
    "roc_curve_auc": 0.7513325339326444,
    "grid_search": {
        "x_scaled": false,
        "model_type": "RandomForestClassifier",
        "k_folds": 5,
        "param_grid": {
            "classifier__n_estimators": [
                50,
                100,
                150,
                250
            ],
            "classifier__criterion": [
                "gini",
                "log_loss"
            ],
            "classifier__min_samples_leaf": [
                1,
                5,
                10,
                25,
                50,
                100
            ]
        },
        "best_params": {
            "classifier__criterion": "log_loss",
            "classifier__min_samples_leaf": 50,
            "classifier__n_estimators": 250
        },
        "best_score": 0.7642763957280998
    }
}