{
    "class_names": [
        "False",
        "True"
    ],
    "class_labels": [
        "Human",
        "Bot"
    ],
    "classification_report": {
        "Human": {
            "precision": 0.9821428571428571,
            "recall": 0.9146341463414634,
            "f1-score": 0.947187141216992,
            "support": 902.0
        },
        "Bot": {
            "precision": 0.8857566765578635,
            "recall": 0.9754901960784313,
            "f1-score": 0.9284603421461898,
            "support": 612.0
        },
        "accuracy": 0.9392338177014531,
        "macro avg": {
            "precision": 0.9339497668503602,
            "recall": 0.9450621712099474,
            "f1-score": 0.9378237416815909,
            "support": 1514.0
        },
        "weighted avg": {
            "precision": 0.9431809400239561,
            "recall": 0.9392338177014531,
            "f1-score": 0.9396172594261525,
            "support": 1514.0
        }
    },
    "confusion_matrix": [
        [
            825,
            77
        ],
        [
            15,
            597
        ]
    ],
    "roc_auc_score": 0.9743761140819963,
    "y_col": "is_bot",
    "x_scaled": false,
    "grid_search": {
        "model_type": "RandomForestClassifier",
        "k_folds": 5,
        "param_grid": {
            "classifier__n_estimators": [
                50,
                100,
                150,
                250
            ],
            "classifier__criterion": [
                "gini",
                "log_loss"
            ],
            "classifier__min_samples_leaf": [
                1,
                5,
                10,
                25,
                50,
                100
            ]
        },
        "best_params": {
            "classifier__criterion": "log_loss",
            "classifier__min_samples_leaf": 10,
            "classifier__n_estimators": 150
        },
        "best_score": 0.9728020962805328
    }
}