{
    "class_names": [
        "0.0",
        "1.0"
    ],
    "class_labels": [
        "Human",
        "Bot"
    ],
    "classification_report": {
        "Human": {
            "precision": 0.7871362940275651,
            "recall": 0.893136403127715,
            "f1-score": 0.8367928367928368,
            "support": 1151.0
        },
        "Bot": {
            "precision": 0.40865384615384615,
            "recall": 0.23415977961432508,
            "f1-score": 0.29772329246935203,
            "support": 363.0
        },
        "accuracy": 0.7351387054161163,
        "macro avg": {
            "precision": 0.5978950700907056,
            "recall": 0.56364809137102,
            "f1-score": 0.5672580646310944,
            "support": 1514.0
        },
        "weighted avg": {
            "precision": 0.6963905023643154,
            "recall": 0.7351387054161163,
            "f1-score": 0.7075443264959907,
            "support": 1514.0
        }
    },
    "confusion_matrix": [
        [
            1028,
            123
        ],
        [
            278,
            85
        ]
    ],
    "roc_auc_score": 0.7430872184446152,
    "y_col": "is_bom_astroturf",
    "x_scaled": false,
    "grid_search": {
        "model_type": "XGBClassifier",
        "k_folds": 5,
        "param_grid": {},
        "best_params": {},
        "best_score": 0.7417908306783222
    }
}