{
    "class_names": [
        "0",
        "1",
        "2",
        "3"
    ],
    "class_labels": [
        "Anti-Trump Bot",
        "Anti-Trump Human",
        "Pro-Trump Bot",
        "Pro-Trump Human"
    ],
    "classification_report": {
        "Anti-Trump Bot": {
            "precision": 0.6826923076923077,
            "recall": 0.7573333333333333,
            "f1-score": 0.7180783817951959,
            "support": 375.0
        },
        "Anti-Trump Human": {
            "precision": 0.7321981424148607,
            "recall": 0.7507936507936508,
            "f1-score": 0.7413793103448276,
            "support": 630.0
        },
        "Pro-Trump Bot": {
            "precision": 0.7704280155642024,
            "recall": 0.8354430379746836,
            "f1-score": 0.8016194331983806,
            "support": 237.0
        },
        "Pro-Trump Human": {
            "precision": 0.6410256410256411,
            "recall": 0.45955882352941174,
            "f1-score": 0.5353319057815845,
            "support": 272.0
        },
        "accuracy": 0.71334214002642,
        "macro avg": {
            "precision": 0.706586026674253,
            "recall": 0.7007822114077699,
            "f1-score": 0.6991022577799971,
            "support": 1514.0
        },
        "weighted avg": {
            "precision": 0.709540858093572,
            "recall": 0.71334214002642,
            "f1-score": 0.7080201074841791,
            "support": 1514.0
        }
    },
    "confusion_matrix": [
        [
            284,
            84,
            3,
            4
        ],
        [
            114,
            473,
            9,
            34
        ],
        [
            4,
            3,
            198,
            32
        ],
        [
            14,
            86,
            47,
            125
        ]
    ],
    "roc_auc_score": 0.9017911943247696,
    "y_col": "fourway_label",
    "x_scaled": false,
    "grid_search": {
        "model_type": "RandomForestClassifier",
        "k_folds": 5,
        "param_grid": {
            "classifier__n_estimators": [
                50,
                100,
                150,
                250
            ],
            "classifier__criterion": [
                "gini",
                "log_loss"
            ],
            "classifier__min_samples_leaf": [
                1,
                5,
                10,
                25,
                50,
                100
            ]
        },
        "best_params": {
            "classifier__criterion": "gini",
            "classifier__min_samples_leaf": 1,
            "classifier__n_estimators": 250
        },
        "best_score": 0.8946583206148342
    }
}