{
    "class_names": [
        "0",
        "1"
    ],
    "class_labels": [
        "Normal",
        "Toxic"
    ],
    "classification_report": {
        "Normal": {
            "precision": 0.8295218295218295,
            "recall": 0.9763458401305057,
            "f1-score": 0.8969651554889472,
            "support": 1226.0
        },
        "Toxic": {
            "precision": 0.5915492957746479,
            "recall": 0.14583333333333334,
            "f1-score": 0.23398328690807801,
            "support": 288.0
        },
        "accuracy": 0.8183619550858653,
        "macro avg": {
            "precision": 0.7105355626482387,
            "recall": 0.5610895867319196,
            "f1-score": 0.5654742211985126,
            "support": 1514.0
        },
        "weighted avg": {
            "precision": 0.7842536064576364,
            "recall": 0.8183619550858653,
            "f1-score": 0.770849714173696,
            "support": 1514.0
        }
    },
    "confusion_matrix": [
        [
            1197,
            29
        ],
        [
            246,
            42
        ]
    ],
    "roc_auc_score": 0.7455251948522749,
    "y_col": "is_toxic",
    "x_scaled": false,
    "grid_search": {
        "model_type": "LogisticRegression",
        "k_folds": 5,
        "param_grid": {
            "classifier__max_iter": [
                25,
                1000,
                10000
            ]
        },
        "best_params": {
            "classifier__max_iter": 25
        },
        "best_score": 0.732479678678817
    }
}