{
    "classification_report": {
        "0": {
            "precision": 0.8678977272727273,
            "recall": 0.9967373572593801,
            "f1-score": 0.9278663629460896,
            "support": 1226.0
        },
        "1": {
            "precision": 0.9622641509433962,
            "recall": 0.3541666666666667,
            "f1-score": 0.5177664974619289,
            "support": 288.0
        },
        "accuracy": 0.8745046235138706,
        "macro avg": {
            "precision": 0.9150809391080618,
            "recall": 0.6754520119630234,
            "f1-score": 0.7228164302040092,
            "support": 1514.0
        },
        "weighted avg": {
            "precision": 0.8858485397014939,
            "recall": 0.8745046235138706,
            "f1-score": 0.8498552921010182,
            "support": 1514.0
        }
    },
    "class_names": [
        0,
        1
    ],
    "confusion_matrix": [
        [
            1222,
            4
        ],
        [
            186,
            102
        ]
    ],
    "roc_auc_score": 0.6754520119630234,
    "roc_auc_score_proba": 0.9069920246510784,
    "roc_curve_auc": 0.9069920246510784,
    "grid_search": {
        "x_scaled": false,
        "model_type": "RandomForestClassifier",
        "k_folds": 5,
        "param_grid": {
            "classifier__criterion": [
                "gini"
            ],
            "classifier__min_samples_leaf": [
                3,
                5,
                8
            ],
            "classifier__n_estimators": [
                250,
                500,
                1000
            ]
        },
        "best_params": {
            "classifier__criterion": "gini",
            "classifier__min_samples_leaf": 5,
            "classifier__n_estimators": 1000
        },
        "best_score": 0.8829506753697609
    }
}