{
    "class_names": [
        "0",
        "1"
    ],
    "class_labels": [
        "Normal",
        "Toxic"
    ],
    "classification_report": {
        "Normal": {
            "precision": 0.8692253020611229,
            "recall": 0.9975530179445351,
            "f1-score": 0.9289783516900874,
            "support": 1226.0
        },
        "Toxic": {
            "precision": 0.9719626168224299,
            "recall": 0.3611111111111111,
            "f1-score": 0.5265822784810127,
            "support": 288.0
        },
        "accuracy": 0.8764861294583883,
        "macro avg": {
            "precision": 0.9205939594417765,
            "recall": 0.6793320645278231,
            "f1-score": 0.72778031508555,
            "support": 1514.0
        },
        "weighted avg": {
            "precision": 0.8887684636537626,
            "recall": 0.8764861294583883,
            "f1-score": 0.8524327314231036,
            "support": 1514.0
        }
    },
    "confusion_matrix": [
        [
            1223,
            3
        ],
        [
            184,
            104
        ]
    ],
    "roc_auc_score": 0.9127412996193585,
    "y_col": "is_toxic",
    "x_scaled": false,
    "grid_search": {
        "model_type": "RandomForestClassifier",
        "k_folds": 5,
        "param_grid": {
            "classifier__n_estimators": [
                50,
                100,
                150,
                250
            ],
            "classifier__criterion": [
                "gini",
                "log_loss"
            ],
            "classifier__min_samples_leaf": [
                1,
                5,
                10,
                25,
                50,
                100
            ]
        },
        "best_params": {
            "classifier__criterion": "log_loss",
            "classifier__min_samples_leaf": 5,
            "classifier__n_estimators": 250
        },
        "best_score": 0.8913603337364775
    }
}