{
    "class_names": [
        "0.0",
        "1.0"
    ],
    "class_labels": [
        "Low Quality",
        "High Quality"
    ],
    "classification_report": {
        "Low Quality": {
            "precision": 0.9283154121863799,
            "recall": 0.7254901960784313,
            "f1-score": 0.8144654088050314,
            "support": 357.0
        },
        "High Quality": {
            "precision": 0.7421052631578947,
            "recall": 0.9337748344370861,
            "f1-score": 0.8269794721407625,
            "support": 302.0
        },
        "accuracy": 0.8209408194233687,
        "macro avg": {
            "precision": 0.8352103376721374,
            "recall": 0.8296325152577587,
            "f1-score": 0.820722440472897,
            "support": 659.0
        },
        "weighted avg": {
            "precision": 0.8429808674115657,
            "recall": 0.8209408194233687,
            "f1-score": 0.8202002299391601,
            "support": 659.0
        }
    },
    "confusion_matrix": [
        [
            259,
            98
        ],
        [
            20,
            282
        ]
    ],
    "roc_auc_score": 0.8637468232326042,
    "y_col": "is_factual",
    "x_scaled": false,
    "grid_search": {
        "model_type": "LogisticRegression",
        "k_folds": 5,
        "param_grid": {
            "classifier__max_iter": [
                25,
                1000,
                10000
            ]
        },
        "best_params": {
            "classifier__max_iter": 25
        },
        "best_score": 0.852950304475797
    }
}