{
    "class_names": [
        "0.0",
        "1.0"
    ],
    "class_labels": [
        "Low Quality",
        "High Quality"
    ],
    "classification_report": {
        "Low Quality": {
            "precision": 0.933579335793358,
            "recall": 0.7086834733893558,
            "f1-score": 0.805732484076433,
            "support": 357.0
        },
        "High Quality": {
            "precision": 0.7319587628865979,
            "recall": 0.9403973509933775,
            "f1-score": 0.8231884057971015,
            "support": 302.0
        },
        "accuracy": 0.8148710166919575,
        "macro avg": {
            "precision": 0.832769049339978,
            "recall": 0.8245404121913666,
            "f1-score": 0.8144604449367673,
            "support": 659.0
        },
        "weighted avg": {
            "precision": 0.8411826544309278,
            "recall": 0.8148710166919575,
            "f1-score": 0.8137320111775587,
            "support": 659.0
        }
    },
    "confusion_matrix": [
        [
            253,
            104
        ],
        [
            18,
            284
        ]
    ],
    "roc_auc_score": 0.8374608121394252,
    "y_col": "is_factual",
    "x_scaled": false,
    "grid_search": {
        "model_type": "LogisticRegression",
        "k_folds": 5,
        "param_grid": {
            "classifier__max_iter": [
                25,
                1000,
                10000
            ]
        },
        "best_params": {
            "classifier__max_iter": 25
        },
        "best_score": 0.8363913218792532
    }
}