{
    "classification_report": {
        "0": {
            "precision": 0.8886756238003839,
            "recall": 0.9213930348258706,
            "f1-score": 0.9047386419149975,
            "support": 1005.0
        },
        "1": {
            "precision": 0.8326271186440678,
            "recall": 0.7721021611001965,
            "f1-score": 0.801223241590214,
            "support": 509.0
        },
        "accuracy": 0.8712021136063408,
        "macro avg": {
            "precision": 0.8606513712222259,
            "recall": 0.8467475979630336,
            "f1-score": 0.8529809417526057,
            "support": 1514.0
        },
        "weighted avg": {
            "precision": 0.8698323681038417,
            "recall": 0.8712021136063408,
            "f1-score": 0.869937229256269,
            "support": 1514.0
        }
    },
    "class_names": [
        0,
        1
    ],
    "confusion_matrix": [
        [
            926,
            79
        ],
        [
            116,
            393
        ]
    ],
    "roc_auc_score": 0.8467475979630336,
    "roc_auc_score_proba": 0.9370768945058596,
    "roc_curve_auc": 0.9370768945058596,
    "grid_search": {
        "x_scaled": false,
        "model_type": "XGBClassifier",
        "k_folds": 5,
        "param_grid": {},
        "best_params": {},
        "best_score": 0.9302544972465892
    }
}