{
    "classification_report": {
        "0.0": {
            "precision": 0.7806004618937644,
            "recall": 0.8902546093064091,
            "f1-score": 0.8318293683347006,
            "support": 1139.0
        },
        "1.0": {
            "precision": 0.4186046511627907,
            "recall": 0.24,
            "f1-score": 0.30508474576271183,
            "support": 375.0
        },
        "accuracy": 0.7291941875825627,
        "macro avg": {
            "precision": 0.5996025565282775,
            "recall": 0.5651273046532046,
            "f1-score": 0.5684570570487062,
            "support": 1514.0
        },
        "weighted avg": {
            "precision": 0.6909383555370172,
            "recall": 0.7291941875825627,
            "f1-score": 0.7013609182260508,
            "support": 1514.0
        }
    },
    "class_names": [
        0.0,
        1.0
    ],
    "confusion_matrix": [
        [
            1014,
            125
        ],
        [
            285,
            90
        ]
    ],
    "roc_auc_score": 0.5651273046532045,
    "roc_auc_score_proba": 0.7035399473222125,
    "roc_curve_auc": 0.7035399473222125,
    "grid_search": {
        "x_scaled": false,
        "model_type": "XGBClassifier",
        "k_folds": 5,
        "param_grid": {},
        "best_params": {},
        "best_score": 0.6843620140215763
    }
}