{
    "class_names": [
        "0",
        "1",
        "2",
        "3"
    ],
    "class_labels": [
        "Anti-Trump Bot",
        "Anti-Trump Human",
        "Pro-Trump Bot",
        "Pro-Trump Human"
    ],
    "classification_report": {
        "Anti-Trump Bot": {
            "precision": 0.8360655737704918,
            "recall": 0.952,
            "f1-score": 0.8902743142144638,
            "support": 375.0
        },
        "Anti-Trump Human": {
            "precision": 0.7655367231638418,
            "recall": 0.8603174603174604,
            "f1-score": 0.8101644245142003,
            "support": 630.0
        },
        "Pro-Trump Bot": {
            "precision": 0.8286852589641435,
            "recall": 0.8776371308016878,
            "f1-score": 0.8524590163934427,
            "support": 237.0
        },
        "Pro-Trump Human": {
            "precision": 0.6640625,
            "recall": 0.3125,
            "f1-score": 0.425,
            "support": 272.0
        },
        "accuracy": 0.7873183619550859,
        "macro avg": {
            "precision": 0.7735875139746193,
            "recall": 0.750613647779787,
            "f1-score": 0.7444744387805267,
            "support": 1514.0
        },
        "weighted avg": {
            "precision": 0.774660589254727,
            "recall": 0.7873183619550859,
            "f1-score": 0.7674301467368666,
            "support": 1514.0
        }
    },
    "confusion_matrix": [
        [
            357,
            5,
            13,
            0
        ],
        [
            46,
            542,
            7,
            35
        ],
        [
            20,
            1,
            208,
            8
        ],
        [
            4,
            160,
            23,
            85
        ]
    ],
    "roc_auc_score": 0.930669465889762,
    "y_col": "fourway_label",
    "x_scaled": false,
    "grid_search": {
        "model_type": "RandomForestClassifier",
        "k_folds": 5,
        "param_grid": {
            "classifier__n_estimators": [
                50,
                100,
                150,
                250
            ],
            "classifier__criterion": [
                "gini",
                "log_loss"
            ],
            "classifier__min_samples_leaf": [
                1,
                5,
                10,
                25,
                50,
                100
            ]
        },
        "best_params": {
            "classifier__criterion": "log_loss",
            "classifier__min_samples_leaf": 10,
            "classifier__n_estimators": 250
        },
        "best_score": 0.9325775646481478
    }
}