{
    "class_names": [
        "0.0",
        "1.0"
    ],
    "class_labels": [
        "Human",
        "Bot"
    ],
    "classification_report": {
        "Human": {
            "precision": 0.7534791252485089,
            "recall": 0.9982440737489026,
            "f1-score": 0.8587613293051359,
            "support": 1139.0
        },
        "Bot": {
            "precision": 0.6,
            "recall": 0.008,
            "f1-score": 0.015789473684210527,
            "support": 375.0
        },
        "accuracy": 0.7529722589167768,
        "macro avg": {
            "precision": 0.6767395626242545,
            "recall": 0.5031220368744512,
            "f1-score": 0.43727540149467325,
            "support": 1514.0
        },
        "weighted avg": {
            "precision": 0.7154641503685943,
            "recall": 0.7529722589167768,
            "f1-score": 0.6499671114333744,
            "support": 1514.0
        }
    },
    "confusion_matrix": [
        [
            1137,
            2
        ],
        [
            372,
            3
        ]
    ],
    "roc_auc_score": 0.6678337723148962,
    "y_col": "is_bom_overall",
    "x_scaled": false,
    "grid_search": {
        "model_type": "RandomForestClassifier",
        "k_folds": 5,
        "param_grid": {
            "classifier__n_estimators": [
                50,
                100,
                150,
                250
            ],
            "classifier__criterion": [
                "gini",
                "log_loss"
            ],
            "classifier__min_samples_leaf": [
                1,
                5,
                10,
                25,
                50,
                100
            ]
        },
        "best_params": {
            "classifier__criterion": "log_loss",
            "classifier__min_samples_leaf": 50,
            "classifier__n_estimators": 250
        },
        "best_score": 0.6354376809564106
    }
}