{
    "class_names": [
        "0.0",
        "1.0"
    ],
    "class_labels": [
        "Human",
        "Bot"
    ],
    "classification_report": {
        "Human": {
            "precision": 0.8739352640545145,
            "recall": 0.891398783666377,
            "f1-score": 0.8825806451612904,
            "support": 1151.0
        },
        "Bot": {
            "precision": 0.6323529411764706,
            "recall": 0.5922865013774105,
            "f1-score": 0.6116642958748223,
            "support": 363.0
        },
        "accuracy": 0.8196829590488771,
        "macro avg": {
            "precision": 0.7531441026154926,
            "recall": 0.7418426425218938,
            "f1-score": 0.7471224705180564,
            "support": 1514.0
        },
        "weighted avg": {
            "precision": 0.8160129501808487,
            "recall": 0.8196829590488771,
            "f1-score": 0.8176251400153274,
            "support": 1514.0
        }
    },
    "confusion_matrix": [
        [
            1026,
            125
        ],
        [
            148,
            215
        ]
    ],
    "roc_auc_score": 0.8864192832678734,
    "y_col": "is_bom_astroturf",
    "x_scaled": false,
    "grid_search": {
        "model_type": "RandomForestClassifier",
        "k_folds": 5,
        "param_grid": {
            "classifier__n_estimators": [
                50,
                100,
                150,
                250,
                500
            ]
        },
        "best_params": {
            "classifier__n_estimators": 500
        },
        "best_score": 0.8985406049913784
    },
    "model_params": {
        "bootstrap": true,
        "ccp_alpha": 0.0,
        "class_weight": null,
        "criterion": "gini",
        "max_depth": null,
        "max_features": "sqrt",
        "max_leaf_nodes": null,
        "max_samples": null,
        "min_impurity_decrease": 0.0,
        "min_samples_leaf": 1,
        "min_samples_split": 2,
        "min_weight_fraction_leaf": 0.0,
        "n_estimators": 500,
        "n_jobs": null,
        "oob_score": false,
        "random_state": 99,
        "verbose": 0,
        "warm_start": false
    }
}