{
    "classification_report": {
        "0": {
            "precision": 0.8983050847457628,
            "recall": 0.9492537313432836,
            "f1-score": 0.9230769230769231,
            "support": 1005.0
        },
        "1": {
            "precision": 0.8871681415929203,
            "recall": 0.787819253438114,
            "f1-score": 0.8345473465140479,
            "support": 509.0
        },
        "accuracy": 0.8949801849405549,
        "macro avg": {
            "precision": 0.8927366131693415,
            "recall": 0.8685364923906989,
            "f1-score": 0.8788121347954856,
            "support": 1514.0
        },
        "weighted avg": {
            "precision": 0.8945608944783937,
            "recall": 0.8949801849405549,
            "f1-score": 0.8933136770594176,
            "support": 1514.0
        }
    },
    "class_names": [
        0,
        1
    ],
    "confusion_matrix": [
        [
            954,
            51
        ],
        [
            108,
            401
        ]
    ],
    "roc_auc_score": 0.8685364923906987,
    "roc_auc_score_proba": 0.9366438925216745,
    "roc_curve_auc": 0.9366438925216745,
    "grid_search": {
        "x_scaled": false,
        "model_type": "RandomForestClassifier",
        "k_folds": 5,
        "param_grid": {
            "classifier__n_estimators": [
                50,
                100,
                150,
                250
            ],
            "classifier__criterion": [
                "gini",
                "log_loss"
            ],
            "classifier__min_samples_leaf": [
                1,
                5,
                10,
                25,
                50,
                100
            ]
        },
        "best_params": {
            "classifier__criterion": "gini",
            "classifier__min_samples_leaf": 5,
            "classifier__n_estimators": 100
        },
        "best_score": 0.9226826443989109
    }
}