{
    "class_names": [
        "0.0",
        "1.0"
    ],
    "class_labels": [
        "Low Quality",
        "High Quality"
    ],
    "classification_report": {
        "Low Quality": {
            "precision": 0.8664383561643836,
            "recall": 0.7086834733893558,
            "f1-score": 0.7796610169491526,
            "support": 357.0
        },
        "High Quality": {
            "precision": 0.7166212534059946,
            "recall": 0.8708609271523179,
            "f1-score": 0.7862481315396115,
            "support": 302.0
        },
        "accuracy": 0.7830045523520486,
        "macro avg": {
            "precision": 0.7915298047851891,
            "recall": 0.7897722002708368,
            "f1-score": 0.782954574244382,
            "support": 659.0
        },
        "weighted avg": {
            "precision": 0.7977816565694922,
            "recall": 0.7830045523520486,
            "f1-score": 0.7826796946522158,
            "support": 659.0
        }
    },
    "confusion_matrix": [
        [
            253,
            104
        ],
        [
            39,
            263
        ]
    ],
    "roc_auc_score": 0.8276568905707977,
    "y_col": "is_factual",
    "x_scaled": false,
    "grid_search": {
        "model_type": "XGBClassifier",
        "k_folds": 5,
        "param_grid": {},
        "best_params": {},
        "best_score": 0.8282722676798645
    }
}