{
    "classification_report": {
        "0.0": {
            "precision": 0.8377483443708609,
            "recall": 0.7086834733893558,
            "f1-score": 0.7678300455235206,
            "support": 357.0
        },
        "1.0": {
            "precision": 0.7086834733893558,
            "recall": 0.8377483443708609,
            "f1-score": 0.7678300455235206,
            "support": 302.0
        },
        "accuracy": 0.7678300455235205,
        "macro avg": {
            "precision": 0.7732159088801083,
            "recall": 0.7732159088801083,
            "f1-score": 0.7678300455235206,
            "support": 659.0
        },
        "weighted avg": {
            "precision": 0.778601772236696,
            "recall": 0.7678300455235205,
            "f1-score": 0.7678300455235206,
            "support": 659.0
        }
    },
    "class_names": [
        0.0,
        1.0
    ],
    "confusion_matrix": [
        [
            253,
            104
        ],
        [
            49,
            253
        ]
    ],
    "roc_auc_score": 0.7732159088801083,
    "roc_auc_score_proba": 0.8199862726547573,
    "roc_curve_auc": 0.8199862726547573,
    "grid_search": {
        "x_scaled": false,
        "model_type": "XGBClassifier",
        "k_folds": 5,
        "param_grid": {},
        "best_params": {},
        "best_score": 0.8214164496220702
    }
}