{
    "class_names": [
        "0",
        "1"
    ],
    "class_labels": [
        "Normal",
        "Toxic"
    ],
    "classification_report": {
        "Normal": {
            "precision": 0.9044776119402985,
            "recall": 0.9885807504078303,
            "f1-score": 0.9446609508963368,
            "support": 1226.0
        },
        "Toxic": {
            "precision": 0.9195402298850575,
            "recall": 0.5555555555555556,
            "f1-score": 0.6926406926406926,
            "support": 288.0
        },
        "accuracy": 0.9062087186261559,
        "macro avg": {
            "precision": 0.912008920912678,
            "recall": 0.772068152981693,
            "f1-score": 0.8186508217685147,
            "support": 1514.0
        },
        "weighted avg": {
            "precision": 0.9073428919720623,
            "recall": 0.9062087186261559,
            "f1-score": 0.8967205054685788,
            "support": 1514.0
        }
    },
    "confusion_matrix": [
        [
            1212,
            14
        ],
        [
            128,
            160
        ]
    ],
    "roc_auc_score": 0.9364974170744971,
    "y_col": "is_toxic",
    "x_scaled": false,
    "grid_search": {
        "model_type": "LogisticRegression",
        "k_folds": 5,
        "param_grid": {
            "classifier__C": [
                1,
                10
            ],
            "classifier__max_iter": [
                50,
                100,
                500
            ]
        },
        "best_params": {
            "classifier__C": 10,
            "classifier__max_iter": 100
        },
        "best_score": 0.9254651327245371
    },
    "model_params": {
        "C": 10,
        "class_weight": null,
        "dual": false,
        "fit_intercept": true,
        "intercept_scaling": 1,
        "l1_ratio": null,
        "max_iter": 100,
        "multi_class": "auto",
        "n_jobs": null,
        "penalty": "l2",
        "random_state": 99,
        "solver": "lbfgs",
        "tol": 0.0001,
        "verbose": 0,
        "warm_start": false
    }
}