{
    "class_names": [
        "0.0",
        "1.0"
    ],
    "class_labels": [
        "Low Quality",
        "High Quality"
    ],
    "classification_report": {
        "Low Quality": {
            "precision": 0.8873239436619719,
            "recall": 0.7058823529411765,
            "f1-score": 0.7862714508580344,
            "support": 357.0
        },
        "High Quality": {
            "precision": 0.72,
            "recall": 0.8940397350993378,
            "f1-score": 0.7976366322008862,
            "support": 302.0
        },
        "accuracy": 0.7921092564491654,
        "macro avg": {
            "precision": 0.8036619718309859,
            "recall": 0.7999610440202571,
            "f1-score": 0.7919540415294604,
            "support": 659.0
        },
        "weighted avg": {
            "precision": 0.8106443822265917,
            "recall": 0.7921092564491654,
            "f1-score": 0.7914797737192504,
            "support": 659.0
        }
    },
    "confusion_matrix": [
        [
            252,
            105
        ],
        [
            32,
            270
        ]
    ],
    "roc_auc_score": 0.8304301853191607,
    "y_col": "is_factual",
    "x_scaled": false,
    "grid_search": {
        "model_type": "RandomForestClassifier",
        "k_folds": 5,
        "param_grid": {
            "classifier__n_estimators": [
                50,
                100,
                150,
                250
            ],
            "classifier__criterion": [
                "gini",
                "log_loss"
            ],
            "classifier__min_samples_leaf": [
                1,
                5,
                10,
                25,
                50,
                100
            ]
        },
        "best_params": {
            "classifier__criterion": "gini",
            "classifier__min_samples_leaf": 10,
            "classifier__n_estimators": 150
        },
        "best_score": 0.8416390420332365
    }
}