{
    "class_names": [
        "0",
        "1",
        "2",
        "3"
    ],
    "class_labels": [
        "Anti-Trump Bot",
        "Anti-Trump Human",
        "Pro-Trump Bot",
        "Pro-Trump Human"
    ],
    "classification_report": {
        "Anti-Trump Bot": {
            "precision": 0.5747663551401869,
            "recall": 0.656,
            "f1-score": 0.6127023661270236,
            "support": 375.0
        },
        "Anti-Trump Human": {
            "precision": 0.6289592760180995,
            "recall": 0.6619047619047619,
            "f1-score": 0.6450116009280743,
            "support": 630.0
        },
        "Pro-Trump Bot": {
            "precision": 0.6386292834890965,
            "recall": 0.8649789029535865,
            "f1-score": 0.7347670250896058,
            "support": 237.0
        },
        "Pro-Trump Human": {
            "precision": 0.46078431372549017,
            "recall": 0.17279411764705882,
            "f1-score": 0.25133689839572193,
            "support": 272.0
        },
        "accuracy": 0.6043593130779392,
        "macro avg": {
            "precision": 0.5757848070932183,
            "recall": 0.5889194456263518,
            "f1-score": 0.5609544726351064,
            "support": 1514.0
        },
        "weighted avg": {
            "precision": 0.5868363279981652,
            "recall": 0.6043593130779392,
            "f1-score": 0.580332970404355,
            "support": 1514.0
        }
    },
    "confusion_matrix": [
        [
            246,
            127,
            2,
            0
        ],
        [
            159,
            417,
            19,
            35
        ],
        [
            5,
            7,
            205,
            20
        ],
        [
            18,
            112,
            95,
            47
        ]
    ],
    "roc_auc_score": 0.8200148339514628,
    "y_col": "fourway_label",
    "x_scaled": false,
    "grid_search": {
        "model_type": "LogisticRegression",
        "k_folds": 5,
        "param_grid": {
            "classifier__max_iter": [
                25,
                1000,
                10000
            ]
        },
        "best_params": {
            "classifier__max_iter": 1000
        },
        "best_score": 0.8124147763518732
    }
}