{
    "class_names": [
        "0",
        "1",
        "2",
        "3"
    ],
    "class_labels": [
        "Anti-Trump Bot",
        "Anti-Trump Human",
        "Pro-Trump Bot",
        "Pro-Trump Human"
    ],
    "classification_report": {
        "Anti-Trump Bot": {
            "precision": 0.695067264573991,
            "recall": 0.8266666666666667,
            "f1-score": 0.7551766138855055,
            "support": 375.0
        },
        "Anti-Trump Human": {
            "precision": 0.7479406919275123,
            "recall": 0.7206349206349206,
            "f1-score": 0.7340339531123686,
            "support": 630.0
        },
        "Pro-Trump Bot": {
            "precision": 0.75,
            "recall": 0.8734177215189873,
            "f1-score": 0.8070175438596491,
            "support": 237.0
        },
        "Pro-Trump Human": {
            "precision": 0.6432432432432432,
            "recall": 0.4375,
            "f1-score": 0.5207877461706782,
            "support": 272.0
        },
        "accuracy": 0.7199471598414795,
        "macro avg": {
            "precision": 0.7090627999361867,
            "recall": 0.7145548272051436,
            "f1-score": 0.7042539642570504,
            "support": 1514.0
        },
        "weighted avg": {
            "precision": 0.7163573462957342,
            "recall": 0.7199471598414795,
            "f1-score": 0.7123844422199591,
            "support": 1514.0
        }
    },
    "confusion_matrix": [
        [
            310,
            61,
            2,
            2
        ],
        [
            123,
            454,
            13,
            40
        ],
        [
            2,
            4,
            207,
            24
        ],
        [
            11,
            88,
            54,
            119
        ]
    ],
    "roc_auc_score": 0.8971202175723593,
    "y_col": "fourway_label",
    "x_scaled": false,
    "grid_search": {
        "model_type": "XGBClassifier",
        "k_folds": 5,
        "param_grid": {},
        "best_params": {},
        "best_score": 0.8876266489453624
    }
}