{
    "coefs": {
        "0": 0.0031999999191612005,
        "1": 0.0013000000035390258,
        "2": 0.005100000184029341,
        "3": 0.0019000000320374966,
        "4": 0.008999999612569809,
        "5": 0.015300000086426735,
        "6": 0.03970000147819519,
        "7": 0.0038999998942017555,
        "8": 0.009399999864399433,
        "9": 0.007799999788403511,
        "10": 0.032600000500679016,
        "11": 0.00430000014603138,
        "12": 0.012299999594688416,
        "13": 0.04780000075697899,
        "14": 0.0034000000450760126,
        "15": 0.00419999985024333,
        "16": 0.0035000001080334187,
        "17": 0.004900000058114529,
        "18": 0.0024999999441206455,
        "19": 0.010400000028312206,
        "20": 0.001500000013038516,
        "21": 0.005200000014156103,
        "22": 0.009200000204145908,
        "23": 0.001500000013038516,
        "24": 0.002899999963119626,
        "25": 0.006599999964237213,
        "26": 0.003599999938160181,
        "27": 0.009600000455975533,
        "28": 0.0020000000949949026,
        "29": 0.00279999990016222,
        "30": 0.002400000113993883,
        "31": 0.0027000000700354576,
        "32": 0.011099999770522118,
        "33": 0.002899999963119626,
        "34": 0.0034000000450760126,
        "35": 0.0027000000700354576,
        "36": 0.002300000051036477,
        "37": 0.012500000186264515,
        "38": 0.003700000001117587,
        "39": 0.003000000026077032,
        "40": 0.004800000227987766,
        "41": 0.000699999975040555,
        "42": 0.007300000172108412,
        "43": 0.0006000000284984708,
        "44": 0.010599999688565731,
        "45": 0.03889999911189079,
        "46": 0.00419999985024333,
        "47": 0.011800000444054604,
        "48": 0.008899999782443047,
        "49": 0.002300000051036477,
        "50": 0.020500000566244125,
        "51": 0.0017999999690800905,
        "52": 0.0034000000450760126,
        "53": 0.0027000000700354576,
        "54": 0.0031999999191612005,
        "55": 0.010700000450015068,
        "56": 0.043699998408555984,
        "57": 0.01889999955892563,
        "58": 0.003000000026077032,
        "59": 0.004600000102072954,
        "60": 0.004000000189989805,
        "61": 0.009999999776482582,
        "62": 0.00430000014603138,
        "63": 0.006500000134110451,
        "64": 0.004999999888241291,
        "65": 0.011699999682605267,
        "66": 0.005200000014156103,
        "67": 0.021299999207258224,
        "68": 0.01119999960064888,
        "69": 0.041600000113248825,
        "70": 0.003599999938160181,
        "71": 0.026499999687075615,
        "72": 0.002199999988079071,
        "73": 0.004000000189989805,
        "74": 0.11410000175237656,
        "75": 0.0017999999690800905,
        "76": 0.002400000113993883,
        "77": 0.003700000001117587,
        "78": 0.002400000113993883,
        "79": 0.004600000102072954,
        "80": 0.011500000022351742,
        "81": 0.0010999999940395355,
        "82": 0.0066999997943639755,
        "83": 0.004800000227987766,
        "84": 0.009999999776482582,
        "85": 0.0024999999441206455,
        "86": 0.02419999986886978,
        "87": 0.04430000111460686,
        "88": 0.012900000438094139,
        "89": 0.003100000089034438,
        "90": 0.0027000000700354576,
        "91": 0.008999999612569809,
        "92": 0.002300000051036477,
        "93": 0.002199999988079071,
        "94": 0.0026000000070780516,
        "95": 0.007000000216066837,
        "96": 0.045499999076128006,
        "97": 0.0017000000225380063,
        "98": 0.0017000000225380063,
        "99": 0.0015999999595806003
    }
}