{
    "coefs": {
        "0": 0.008700000122189522,
        "1": 0.004900000058114529,
        "2": 0.008700000122189522,
        "3": 0.005499999970197678,
        "4": 0.0142000000923872,
        "5": 0.009399999864399433,
        "6": 0.007499999832361937,
        "7": 0.007400000002235174,
        "8": 0.01080000028014183,
        "9": 0.005900000222027302,
        "10": 0.009800000116229057,
        "11": 0.007199999876320362,
        "12": 0.009200000204145908,
        "13": 0.00430000014603138,
        "14": 0.008500000461935997,
        "15": 0.007799999788403511,
        "16": 0.00559999980032444,
        "17": 0.012799999676644802,
        "18": 0.00860000029206276,
        "19": 0.02280000038444996,
        "20": 0.006800000090152025,
        "21": 0.008899999782443047,
        "22": 0.020800000056624413,
        "23": 0.003100000089034438,
        "24": 0.013799999840557575,
        "25": 0.01549999974668026,
        "26": 0.008700000122189522,
        "27": 0.01590000092983246,
        "28": 0.006300000008195639,
        "29": 0.005499999970197678,
        "30": 0.0044999998062849045,
        "31": 0.009800000116229057,
        "32": 0.00800000037997961,
        "33": 0.006800000090152025,
        "34": 0.004000000189989805,
        "35": 0.008299999870359898,
        "36": 0.006000000052154064,
        "37": 0.004900000058114529,
        "38": 0.004900000058114529,
        "39": 0.003599999938160181,
        "40": 0.006099999882280827,
        "41": 0.004100000020116568,
        "42": 0.006399999838322401,
        "43": 0.019500000402331352,
        "44": 0.008100000210106373,
        "45": 0.005200000014156103,
        "46": 0.013399999588727951,
        "47": 0.006300000008195639,
        "48": 0.005499999970197678,
        "49": 0.0035000001080334187,
        "50": 0.10649999976158142,
        "51": 0.007300000172108412,
        "52": 0.007400000002235174,
        "53": 0.007600000128149986,
        "54": 0.019999999552965164,
        "55": 0.008200000040233135,
        "56": 0.01140000019222498,
        "57": 0.005499999970197678,
        "58": 0.007300000172108412,
        "59": 0.016200000420212746,
        "60": 0.012600000016391277,
        "61": 0.005499999970197678,
        "62": 0.018300000578165054,
        "63": 0.011300000362098217,
        "64": 0.009600000455975533,
        "65": 0.012000000104308128,
        "66": 0.008299999870359898,
        "67": 0.008500000461935997,
        "68": 0.0044999998062849045,
        "69": 0.003800000064074993,
        "70": 0.005499999970197678,
        "71": 0.012799999676644802,
        "72": 0.007499999832361937,
        "73": 0.0026000000070780516,
        "74": 0.008700000122189522,
        "75": 0.01759999990463257,
        "76": 0.014800000004470348,
        "77": 0.00860000029206276,
        "78": 0.004399999976158142,
        "79": 0.004699999932199717,
        "80": 0.006300000008195639,
        "81": 0.007699999958276749,
        "82": 0.008500000461935997,
        "83": 0.007799999788403511,
        "84": 0.00559999980032444,
        "85": 0.009600000455975533,
        "86": 0.006399999838322401,
        "87": 0.0052999998442828655,
        "88": 0.03189999982714653,
        "89": 0.007899999618530273,
        "90": 0.013299999758601189,
        "91": 0.007000000216066837,
        "92": 0.008200000040233135,
        "93": 0.004699999932199717,
        "94": 0.008100000210106373,
        "95": 0.0203000009059906,
        "96": 0.00930000003427267,
        "97": 0.014399999752640724,
        "98": 0.0066999997943639755,
        "99": 0.007799999788403511
    }
}