{
    "class_names": [
        "0",
        "1",
        "2",
        "3"
    ],
    "class_labels": [
        "Anti-Trump Bot",
        "Anti-Trump Human",
        "Pro-Trump Bot",
        "Pro-Trump Human"
    ],
    "classification_report": {
        "Anti-Trump Bot": {
            "precision": 0.8353221957040573,
            "recall": 0.9333333333333333,
            "f1-score": 0.8816120906801008,
            "support": 375.0
        },
        "Anti-Trump Human": {
            "precision": 0.7759643916913946,
            "recall": 0.8301587301587302,
            "f1-score": 0.8021472392638036,
            "support": 630.0
        },
        "Pro-Trump Bot": {
            "precision": 0.8448979591836735,
            "recall": 0.8734177215189873,
            "f1-score": 0.8589211618257261,
            "support": 237.0
        },
        "Pro-Trump Human": {
            "precision": 0.6193181818181818,
            "recall": 0.4007352941176471,
            "f1-score": 0.48660714285714285,
            "support": 272.0
        },
        "accuracy": 0.785336856010568,
        "macro avg": {
            "precision": 0.7688756820993268,
            "recall": 0.7594112697821745,
            "f1-score": 0.7573219086566934,
            "support": 1514.0
        },
        "weighted avg": {
            "precision": 0.7733148955982009,
            "recall": 0.785336856010568,
            "f1-score": 0.7740282384088997,
            "support": 1514.0
        }
    },
    "confusion_matrix": [
        [
            350,
            12,
            12,
            1
        ],
        [
            47,
            523,
            4,
            56
        ],
        [
            20,
            0,
            207,
            10
        ],
        [
            2,
            139,
            22,
            109
        ]
    ],
    "roc_auc_score": 0.9251129201188906,
    "y_col": "fourway_label",
    "x_scaled": false,
    "grid_search": {
        "model_type": "XGBClassifier",
        "k_folds": 5,
        "param_grid": {},
        "best_params": {},
        "best_score": 0.9268431748150764
    }
}