{
    "class_names": [
        "0",
        "1",
        "2",
        "3"
    ],
    "class_labels": [
        "Anti-Trump Bot",
        "Anti-Trump Human",
        "Pro-Trump Bot",
        "Pro-Trump Human"
    ],
    "classification_report": {
        "Anti-Trump Bot": {
            "precision": 0.9075425790754258,
            "recall": 0.9946666666666667,
            "f1-score": 0.9491094147582697,
            "support": 375.0
        },
        "Anti-Trump Human": {
            "precision": 0.8237951807228916,
            "recall": 0.8682539682539683,
            "f1-score": 0.8454404945904174,
            "support": 630.0
        },
        "Pro-Trump Bot": {
            "precision": 0.9254901960784314,
            "recall": 0.9957805907172996,
            "f1-score": 0.9593495934959351,
            "support": 237.0
        },
        "Pro-Trump Human": {
            "precision": 0.7445652173913043,
            "recall": 0.5036764705882353,
            "f1-score": 0.6008771929824561,
            "support": 272.0
        },
        "accuracy": 0.8540290620871862,
        "macro avg": {
            "precision": 0.8503482933170133,
            "recall": 0.8405944240565426,
            "f1-score": 0.8386941739567695,
            "support": 1514.0
        },
        "weighted avg": {
            "precision": 0.8462234786061621,
            "recall": 0.8540290620871862,
            "f1-score": 0.845011883934002,
            "support": 1514.0
        }
    },
    "confusion_matrix": [
        [
            373,
            2,
            0,
            0
        ],
        [
            36,
            547,
            0,
            47
        ],
        [
            1,
            0,
            236,
            0
        ],
        [
            1,
            115,
            19,
            137
        ]
    ],
    "roc_auc_score": 0.9608782017509744,
    "y_col": "fourway_label",
    "x_scaled": false,
    "grid_search": {
        "model_type": "LogisticRegression",
        "k_folds": 5,
        "param_grid": {
            "classifier__C": [
                1,
                2,
                5,
                10,
                100
            ],
            "classifier__max_iter": [
                50,
                100,
                500,
                1000
            ]
        },
        "best_params": {
            "classifier__C": 1,
            "classifier__max_iter": 50
        },
        "best_score": 0.9611923397209752
    },
    "model_params": {
        "C": 1,
        "class_weight": null,
        "dual": false,
        "fit_intercept": true,
        "intercept_scaling": 1,
        "l1_ratio": null,
        "max_iter": 50,
        "multi_class": "auto",
        "n_jobs": null,
        "penalty": "l2",
        "random_state": 99,
        "solver": "lbfgs",
        "tol": 0.0001,
        "verbose": 0,
        "warm_start": false
    }
}