{
    "class_names": [
        "0.0",
        "1.0"
    ],
    "class_labels": [
        "Human",
        "Bot"
    ],
    "classification_report": {
        "Human": {
            "precision": 0.7560801144492132,
            "recall": 0.9183318853171155,
            "f1-score": 0.8293448411141624,
            "support": 1151.0
        },
        "Bot": {
            "precision": 0.1896551724137931,
            "recall": 0.06060606060606061,
            "f1-score": 0.0918580375782881,
            "support": 363.0
        },
        "accuracy": 0.7126816380449141,
        "macro avg": {
            "precision": 0.4728676434315031,
            "recall": 0.4894689729615881,
            "f1-score": 0.46060143934622527,
            "support": 1514.0
        },
        "weighted avg": {
            "precision": 0.6202728132874843,
            "recall": 0.7126816380449141,
            "f1-score": 0.6525233684037778,
            "support": 1514.0
        }
    },
    "confusion_matrix": [
        [
            1057,
            94
        ],
        [
            341,
            22
        ]
    ],
    "roc_auc_score": 0.7478728522090026,
    "y_col": "is_bom_astroturf",
    "x_scaled": false,
    "grid_search": {
        "model_type": "LogisticRegression",
        "k_folds": 5,
        "param_grid": {
            "classifier__C": [
                1,
                2,
                5,
                10,
                25,
                50,
                100
            ],
            "classifier__max_iter": [
                10,
                25,
                50,
                100,
                250,
                500,
                1000,
                5000,
                10000
            ]
        },
        "best_params": {
            "classifier__C": 2,
            "classifier__max_iter": 100
        },
        "best_score": 0.7626299424241277
    },
    "model_params": {
        "C": 2,
        "class_weight": null,
        "dual": false,
        "fit_intercept": true,
        "intercept_scaling": 1,
        "l1_ratio": null,
        "max_iter": 100,
        "multi_class": "auto",
        "n_jobs": null,
        "penalty": "l2",
        "random_state": 99,
        "solver": "lbfgs",
        "tol": 0.0001,
        "verbose": 0,
        "warm_start": false
    }
}