{
    "classification_report": {
        "0": {
            "precision": 0.9074427480916031,
            "recall": 0.9462686567164179,
            "f1-score": 0.9264490988796883,
            "support": 1005.0
        },
        "1": {
            "precision": 0.8841201716738197,
            "recall": 0.8094302554027505,
            "f1-score": 0.8451282051282051,
            "support": 509.0
        },
        "accuracy": 0.9002642007926024,
        "macro avg": {
            "precision": 0.8957814598827114,
            "recall": 0.8778494560595842,
            "f1-score": 0.8857886520039466,
            "support": 1514.0
        },
        "weighted avg": {
            "precision": 0.8996018026512783,
            "recall": 0.9002642007926024,
            "f1-score": 0.8991093796461975,
            "support": 1514.0
        }
    },
    "class_names": [
        0,
        1
    ],
    "confusion_matrix": [
        [
            951,
            54
        ],
        [
            97,
            412
        ]
    ],
    "roc_auc_score": 0.8778494560595841,
    "grid_search": {
        "x_scaled": false,
        "model_type": "XGBClassifier",
        "k_folds": 5,
        "param_grid": {},
        "best_params": {},
        "best_score": 0.9570522314586423
    }
}