{
    "class_names": [
        "0",
        "1"
    ],
    "class_labels": [
        "Anti-Trump",
        "Pro-Trump"
    ],
    "classification_report": {
        "Anti-Trump": {
            "precision": 0.8740530303030303,
            "recall": 0.918407960199005,
            "f1-score": 0.8956817079087821,
            "support": 1005.0
        },
        "Pro-Trump": {
            "precision": 0.8209606986899564,
            "recall": 0.7387033398821218,
            "f1-score": 0.7776628748707343,
            "support": 509.0
        },
        "accuracy": 0.8579920739762219,
        "macro avg": {
            "precision": 0.8475068644964934,
            "recall": 0.8285556500405633,
            "f1-score": 0.8366722913897582,
            "support": 1514.0
        },
        "weighted avg": {
            "precision": 0.8562036268743284,
            "recall": 0.8579920739762219,
            "f1-score": 0.8560043063127672,
            "support": 1514.0
        }
    },
    "confusion_matrix": [
        [
            923,
            82
        ],
        [
            133,
            376
        ]
    ],
    "roc_auc_score": 0.8542552463615125,
    "y_col": "opinion_community",
    "x_scaled": false,
    "grid_search": {
        "model_type": "LogisticRegression",
        "k_folds": 5,
        "param_grid": {
            "classifier__max_iter": [
                25,
                1000,
                10000
            ]
        },
        "best_params": {
            "classifier__max_iter": 25
        },
        "best_score": 0.8600047756918316
    }
}