{
    "classification_report": {
        "0": {
            "precision": 0.8684020245842372,
            "recall": 0.9796084828711256,
            "f1-score": 0.9206592564200844,
            "support": 1226.0
        },
        "1": {
            "precision": 0.8091603053435115,
            "recall": 0.3680555555555556,
            "f1-score": 0.5059665871121719,
            "support": 288.0
        },
        "accuracy": 0.8632760898282695,
        "macro avg": {
            "precision": 0.8387811649638743,
            "recall": 0.6738320192133406,
            "f1-score": 0.7133129217661281,
            "support": 1514.0
        },
        "weighted avg": {
            "precision": 0.8571327939756976,
            "recall": 0.8632760898282695,
            "f1-score": 0.8417745214394511,
            "support": 1514.0
        }
    },
    "class_names": [
        0,
        1
    ],
    "confusion_matrix": [
        [
            1201,
            25
        ],
        [
            182,
            106
        ]
    ],
    "roc_auc_score": 0.6738320192133406,
    "roc_auc_score_proba": 0.7992384334783397,
    "roc_curve_auc": 0.7992384334783397,
    "grid_search": {
        "x_scaled": false,
        "model_type": "RandomForestClassifier",
        "k_folds": 5,
        "param_grid": {
            "classifier__n_estimators": [
                50,
                100,
                150,
                250
            ],
            "classifier__criterion": [
                "gini",
                "log_loss"
            ],
            "classifier__min_samples_leaf": [
                1,
                5,
                10,
                25,
                50,
                100
            ]
        },
        "best_params": {
            "classifier__criterion": "log_loss",
            "classifier__min_samples_leaf": 10,
            "classifier__n_estimators": 250
        },
        "best_score": 0.7870923817380306
    }
}