{
    "class_names": [
        "0",
        "1",
        "2",
        "3"
    ],
    "class_labels": [
        "Anti-Trump Bot",
        "Anti-Trump Human",
        "Pro-Trump Bot",
        "Pro-Trump Human"
    ],
    "classification_report": {
        "Anti-Trump Bot": {
            "precision": 0.7241379310344828,
            "recall": 0.84,
            "f1-score": 0.7777777777777777,
            "support": 375.0
        },
        "Anti-Trump Human": {
            "precision": 0.7562189054726368,
            "recall": 0.7238095238095238,
            "f1-score": 0.7396593673965937,
            "support": 630.0
        },
        "Pro-Trump Bot": {
            "precision": 0.7072368421052632,
            "recall": 0.9071729957805907,
            "f1-score": 0.7948243992606285,
            "support": 237.0
        },
        "Pro-Trump Human": {
            "precision": 0.5697674418604651,
            "recall": 0.3602941176470588,
            "f1-score": 0.4414414414414415,
            "support": 272.0
        },
        "accuracy": 0.7159841479524438,
        "macro avg": {
            "precision": 0.689340280118212,
            "recall": 0.7078191593092933,
            "f1-score": 0.6884257464691103,
            "support": 1514.0
        },
        "weighted avg": {
            "precision": 0.7071079989106249,
            "recall": 0.7159841479524438,
            "f1-score": 0.7041595263034093,
            "support": 1514.0
        }
    },
    "confusion_matrix": [
        [
            315,
            60,
            0,
            0
        ],
        [
            105,
            456,
            15,
            54
        ],
        [
            0,
            2,
            215,
            20
        ],
        [
            15,
            85,
            74,
            98
        ]
    ],
    "roc_auc_score": 0.880994890668452,
    "y_col": "fourway_label",
    "x_scaled": false,
    "grid_search": {
        "model_type": "LogisticRegression",
        "k_folds": 5,
        "param_grid": {
            "classifier__C": [
                1,
                2,
                5,
                10,
                25,
                50,
                100
            ],
            "classifier__max_iter": [
                10,
                25,
                50,
                100,
                250,
                500,
                1000,
                5000,
                10000
            ]
        },
        "best_params": {
            "classifier__C": 1,
            "classifier__max_iter": 250
        },
        "best_score": 0.8785061441480663
    },
    "model_params": {
        "C": 1,
        "class_weight": null,
        "dual": false,
        "fit_intercept": true,
        "intercept_scaling": 1,
        "l1_ratio": null,
        "max_iter": 250,
        "multi_class": "auto",
        "n_jobs": null,
        "penalty": "l2",
        "random_state": 99,
        "solver": "lbfgs",
        "tol": 0.0001,
        "verbose": 0,
        "warm_start": false
    }
}