{
    "coefs": {
        "0": 0.004999999888241291,
        "1": 0.01269999984651804,
        "2": 0.010599999688565731,
        "3": 0.003100000089034438,
        "4": 0.005200000014156103,
        "5": 0.0015999999595806003,
        "6": 0.003800000064074993,
        "7": 0.010599999688565731,
        "8": 0.00419999985024333,
        "9": 0.004100000020116568,
        "10": 0.002899999963119626,
        "11": 0.05790000036358833,
        "12": 0.003800000064074993,
        "13": 0.003000000026077032,
        "14": 0.0052999998442828655,
        "15": 0.004999999888241291,
        "16": 0.002300000051036477,
        "17": 0.006500000134110451,
        "18": 0.015399999916553497,
        "19": 0.004699999932199717,
        "20": 0.004800000227987766,
        "21": 0.010400000028312206,
        "22": 0.004800000227987766,
        "23": 0.005900000222027302,
        "24": 0.003000000026077032,
        "25": 0.005400000140070915,
        "26": 0.003700000001117587,
        "27": 0.006599999964237213,
        "28": 0.006300000008195639,
        "29": 0.006800000090152025,
        "30": 0.002899999963119626,
        "31": 0.025699999183416367,
        "32": 0.006300000008195639,
        "33": 0.00559999980032444,
        "34": 0.004100000020116568,
        "35": 0.18299999833106995,
        "36": 0.004900000058114529,
        "37": 0.002899999963119626,
        "38": 0.0052999998442828655,
        "39": 0.002400000113993883,
        "40": 0.04749999940395355,
        "41": 0.004699999932199717,
        "42": 0.0017999999690800905,
        "43": 0.00430000014603138,
        "44": 0.006800000090152025,
        "45": 0.005200000014156103,
        "46": 0.004900000058114529,
        "47": 0.009100000374019146,
        "48": 0.0044999998062849045,
        "49": 0.0027000000700354576,
        "50": 0.00570000009611249,
        "51": 0.004699999932199717,
        "52": 0.0027000000700354576,
        "53": 0.004699999932199717,
        "54": 0.004000000189989805,
        "55": 0.006099999882280827,
        "56": 0.0024999999441206455,
        "57": 0.006099999882280827,
        "58": 0.011599999852478504,
        "59": 0.00930000003427267,
        "60": 0.006500000134110451,
        "61": 0.00839999970048666,
        "62": 0.008200000040233135,
        "63": 0.0038999998942017555,
        "64": 0.009499999694526196,
        "65": 0.0052999998442828655,
        "66": 0.007699999958276749,
        "67": 0.003700000001117587,
        "68": 0.002899999963119626,
        "69": 0.006000000052154064,
        "70": 0.004399999976158142,
        "71": 0.010499999858438969,
        "72": 0.004600000102072954,
        "73": 0.010599999688565731,
        "74": 0.006399999838322401,
        "75": 0.021199999377131462,
        "76": 0.006399999838322401,
        "77": 0.00279999990016222,
        "78": 0.02459999918937683,
        "79": 0.003100000089034438,
        "80": 0.00430000014603138,
        "81": 0.00930000003427267,
        "82": 0.005100000184029341,
        "83": 0.003100000089034438,
        "84": 0.007000000216066837,
        "85": 0.004999999888241291,
        "86": 0.002199999988079071,
        "87": 0.003599999938160181,
        "88": 0.009800000116229057,
        "89": 0.004100000020116568,
        "90": 0.008999999612569809,
        "91": 0.00570000009611249,
        "92": 0.002300000051036477,
        "93": 0.11389999836683273,
        "94": 0.018799999728798866,
        "95": 0.0032999999821186066,
        "96": 0.006000000052154064,
        "97": 0.004699999932199717,
        "98": 0.0052999998442828655,
        "99": 0.0031999999191612005
    }
}