{
    "class_names": [
        "False",
        "True"
    ],
    "class_labels": [
        "Human",
        "Bot"
    ],
    "classification_report": {
        "Human": {
            "precision": 0.991812865497076,
            "recall": 0.9401330376940134,
            "f1-score": 0.9652817302219693,
            "support": 902.0
        },
        "Bot": {
            "precision": 0.9180576631259484,
            "recall": 0.988562091503268,
            "f1-score": 0.9520062942564909,
            "support": 612.0
        },
        "accuracy": 0.9597093791281374,
        "macro avg": {
            "precision": 0.9549352643115122,
            "recall": 0.9643475645986407,
            "f1-score": 0.9586440122392301,
            "support": 1514.0
        },
        "weighted avg": {
            "precision": 0.9619990056218249,
            "recall": 0.9597093791281374,
            "f1-score": 0.9599154377445104,
            "support": 1514.0
        }
    },
    "confusion_matrix": [
        [
            848,
            54
        ],
        [
            7,
            605
        ]
    ],
    "roc_auc_score": 0.9886508557598944,
    "y_col": "is_bot",
    "x_scaled": false,
    "grid_search": {
        "model_type": "LogisticRegression",
        "k_folds": 5,
        "param_grid": {
            "classifier__C": [
                1,
                10
            ],
            "classifier__max_iter": [
                50,
                100,
                500
            ]
        },
        "best_params": {
            "classifier__C": 10,
            "classifier__max_iter": 100
        },
        "best_score": 0.9891671724342681
    },
    "model_params": {
        "C": 10,
        "class_weight": null,
        "dual": false,
        "fit_intercept": true,
        "intercept_scaling": 1,
        "l1_ratio": null,
        "max_iter": 100,
        "multi_class": "auto",
        "n_jobs": null,
        "penalty": "l2",
        "random_state": 99,
        "solver": "lbfgs",
        "tol": 0.0001,
        "verbose": 0,
        "warm_start": false
    }
}