{
    "class_names": [
        "0.0",
        "1.0"
    ],
    "class_labels": [
        "Human",
        "Bot"
    ],
    "classification_report": {
        "Human": {
            "precision": 0.75,
            "recall": 0.974539069359087,
            "f1-score": 0.847651775486827,
            "support": 1139.0
        },
        "Bot": {
            "precision": 0.14705882352941177,
            "recall": 0.013333333333333334,
            "f1-score": 0.024449877750611252,
            "support": 375.0
        },
        "accuracy": 0.7364597093791282,
        "macro avg": {
            "precision": 0.4485294117647059,
            "recall": 0.49393620134621014,
            "f1-score": 0.43605082661871913,
            "support": 1514.0
        },
        "weighted avg": {
            "precision": 0.6006585593286191,
            "recall": 0.7364597093791282,
            "f1-score": 0.6437543437489929,
            "support": 1514.0
        }
    },
    "confusion_matrix": [
        [
            1110,
            29
        ],
        [
            370,
            5
        ]
    ],
    "roc_auc_score": 0.6541469124963418,
    "y_col": "is_bom_overall",
    "x_scaled": false,
    "grid_search": {
        "model_type": "LogisticRegression",
        "k_folds": 5,
        "param_grid": {
            "classifier__C": [
                1,
                2,
                5,
                10,
                25,
                50,
                100
            ],
            "classifier__max_iter": [
                10,
                25,
                50,
                100,
                250,
                500,
                1000,
                5000,
                10000
            ]
        },
        "best_params": {
            "classifier__C": 1,
            "classifier__max_iter": 100
        },
        "best_score": 0.6433095384469885
    },
    "model_params": {
        "C": 1,
        "class_weight": null,
        "dual": false,
        "fit_intercept": true,
        "intercept_scaling": 1,
        "l1_ratio": null,
        "max_iter": 100,
        "multi_class": "auto",
        "n_jobs": null,
        "penalty": "l2",
        "random_state": 99,
        "solver": "lbfgs",
        "tol": 0.0001,
        "verbose": 0,
        "warm_start": false
    }
}