{
    "class_names": [
        "0.0",
        "1.0"
    ],
    "class_labels": [
        "Human",
        "Bot"
    ],
    "classification_report": {
        "Human": {
            "precision": 0.7593360995850622,
            "recall": 0.9640035118525022,
            "f1-score": 0.8495164410058028,
            "support": 1139.0
        },
        "Bot": {
            "precision": 0.39705882352941174,
            "recall": 0.072,
            "f1-score": 0.1218961625282167,
            "support": 375.0
        },
        "accuracy": 0.7430647291941875,
        "macro avg": {
            "precision": 0.578197461557237,
            "recall": 0.5180017559262511,
            "f1-score": 0.48570630176700974,
            "support": 1514.0
        },
        "weighted avg": {
            "precision": 0.6696042775765623,
            "recall": 0.7430647291941875,
            "f1-score": 0.6692934526114205,
            "support": 1514.0
        }
    },
    "confusion_matrix": [
        [
            1098,
            41
        ],
        [
            348,
            27
        ]
    ],
    "roc_auc_score": 0.7180965759438103,
    "y_col": "is_bom_overall",
    "x_scaled": false,
    "grid_search": {
        "model_type": "RandomForestClassifier",
        "k_folds": 5,
        "param_grid": {
            "classifier__n_estimators": [
                50,
                100,
                150,
                250
            ],
            "classifier__criterion": [
                "gini",
                "log_loss"
            ],
            "classifier__min_samples_leaf": [
                1,
                5,
                10,
                25,
                50,
                100
            ]
        },
        "best_params": {
            "classifier__criterion": "log_loss",
            "classifier__min_samples_leaf": 100,
            "classifier__n_estimators": 100
        },
        "best_score": 0.7050456950007227
    }
}