{
    "coefs": {
        "0": 0.010599999688565731,
        "1": 0.006800000090152025,
        "2": 0.010499999858438969,
        "3": 0.008299999870359898,
        "4": 0.00989999994635582,
        "5": 0.009700000286102295,
        "6": 0.007699999958276749,
        "7": 0.009399999864399433,
        "8": 0.007600000128149986,
        "9": 0.00930000003427267,
        "10": 0.007300000172108412,
        "11": 0.009200000204145908,
        "12": 0.010700000450015068,
        "13": 0.006200000178068876,
        "14": 0.012299999594688416,
        "15": 0.008500000461935997,
        "16": 0.009600000455975533,
        "17": 0.009499999694526196,
        "18": 0.007400000002235174,
        "19": 0.010499999858438969,
        "20": 0.010900000110268593,
        "21": 0.021400000900030136,
        "22": 0.009700000286102295,
        "23": 0.008999999612569809,
        "24": 0.00989999994635582,
        "25": 0.013100000098347664,
        "26": 0.009399999864399433,
        "27": 0.01140000019222498,
        "28": 0.009800000116229057,
        "29": 0.00800000037997961,
        "30": 0.014000000432133675,
        "31": 0.007199999876320362,
        "32": 0.016499999910593033,
        "33": 0.01080000028014183,
        "34": 0.0142000000923872,
        "35": 0.00989999994635582,
        "36": 0.007799999788403511,
        "37": 0.010400000028312206,
        "38": 0.008299999870359898,
        "39": 0.010300000198185444,
        "40": 0.007199999876320362,
        "41": 0.007400000002235174,
        "42": 0.007899999618530273,
        "43": 0.007899999618530273,
        "44": 0.007799999788403511,
        "45": 0.011099999770522118,
        "46": 0.00989999994635582,
        "47": 0.01080000028014183,
        "48": 0.010900000110268593,
        "49": 0.007699999958276749,
        "50": 0.01080000028014183,
        "51": 0.00930000003427267,
        "52": 0.013199999928474426,
        "53": 0.005400000140070915,
        "54": 0.008299999870359898,
        "55": 0.008899999782443047,
        "56": 0.007300000172108412,
        "57": 0.007699999958276749,
        "58": 0.007300000172108412,
        "59": 0.00800000037997961,
        "60": 0.007600000128149986,
        "61": 0.010400000028312206,
        "62": 0.011599999852478504,
        "63": 0.007799999788403511,
        "64": 0.008100000210106373,
        "65": 0.006599999964237213,
        "66": 0.01080000028014183,
        "67": 0.007699999958276749,
        "68": 0.0142000000923872,
        "69": 0.007600000128149986,
        "70": 0.00989999994635582,
        "71": 0.025800000876188278,
        "72": 0.008100000210106373,
        "73": 0.013799999840557575,
        "74": 0.013399999588727951,
        "75": 0.027000000700354576,
        "76": 0.00800000037997961,
        "77": 0.008500000461935997,
        "78": 0.015200000256299973,
        "79": 0.011500000022351742,
        "80": 0.008799999952316284,
        "81": 0.010400000028312206,
        "82": 0.008999999612569809,
        "83": 0.010599999688565731,
        "84": 0.011599999852478504,
        "85": 0.007899999618530273,
        "86": 0.010499999858438969,
        "87": 0.01140000019222498,
        "88": 0.0052999998442828655,
        "89": 0.008299999870359898,
        "90": 0.008299999870359898,
        "91": 0.009200000204145908,
        "92": 0.010300000198185444,
        "93": 0.009700000286102295,
        "94": 0.011099999770522118,
        "95": 0.009600000455975533,
        "96": 0.013500000350177288,
        "97": 0.006200000178068876,
        "98": 0.010700000450015068,
        "99": 0.006200000178068876
    }
}