{
    "class_names": [
        "0.0",
        "1.0"
    ],
    "class_labels": [
        "Human",
        "Bot"
    ],
    "classification_report": {
        "Human": {
            "precision": 0.7591240875912408,
            "recall": 0.9939183318853171,
            "f1-score": 0.8607975921745673,
            "support": 1151.0
        },
        "Bot": {
            "precision": 0.0,
            "recall": 0.0,
            "f1-score": 0.0,
            "support": 363.0
        },
        "accuracy": 0.7556142668428005,
        "macro avg": {
            "precision": 0.3795620437956204,
            "recall": 0.49695916594265854,
            "f1-score": 0.43039879608728365,
            "support": 1514.0
        },
        "weighted avg": {
            "precision": 0.5771148116364057,
            "recall": 0.7556142668428005,
            "f1-score": 0.6544108511181816,
            "support": 1514.0
        }
    },
    "confusion_matrix": [
        [
            1144,
            7
        ],
        [
            363,
            0
        ]
    ],
    "roc_auc_score": 0.6390299009365434,
    "y_col": "is_bom_astroturf",
    "x_scaled": false,
    "grid_search": {
        "model_type": "LogisticRegression",
        "k_folds": 5,
        "param_grid": {
            "classifier__max_iter": [
                25,
                1000,
                10000
            ]
        },
        "best_params": {
            "classifier__max_iter": 25
        },
        "best_score": 0.638368630992243
    }
}