{
    "classification_report": {
        "0.0": {
            "precision": 0.7591240875912408,
            "recall": 0.9939183318853171,
            "f1-score": 0.8607975921745673,
            "support": 1151.0
        },
        "1.0": {
            "precision": 0.0,
            "recall": 0.0,
            "f1-score": 0.0,
            "support": 363.0
        },
        "accuracy": 0.7556142668428005,
        "macro avg": {
            "precision": 0.3795620437956204,
            "recall": 0.49695916594265854,
            "f1-score": 0.43039879608728365,
            "support": 1514.0
        },
        "weighted avg": {
            "precision": 0.5771148116364057,
            "recall": 0.7556142668428005,
            "f1-score": 0.6544108511181816,
            "support": 1514.0
        }
    },
    "class_names": [
        0.0,
        1.0
    ],
    "confusion_matrix": [
        [
            1144,
            7
        ],
        [
            363,
            0
        ]
    ],
    "roc_auc_score": 0.49695916594265854,
    "roc_auc_score_proba": 0.6390299009365434,
    "roc_curve_auc": 0.6390299009365434,
    "grid_search": {
        "x_scaled": false,
        "model_type": "LogisticRegression",
        "k_folds": 5,
        "param_grid": {
            "classifier__max_iter": [
                25,
                1000
            ]
        },
        "best_params": {
            "classifier__max_iter": 25
        },
        "best_score": 0.638368630992243
    }
}