{
    "class_names": [
        "0.0",
        "1.0"
    ],
    "class_labels": [
        "Human",
        "Bot"
    ],
    "classification_report": {
        "Human": {
            "precision": 0.7568306010928961,
            "recall": 0.9626411815812337,
            "f1-score": 0.8474187380497131,
            "support": 1151.0
        },
        "Bot": {
            "precision": 0.14,
            "recall": 0.01928374655647383,
            "f1-score": 0.03389830508474576,
            "support": 363.0
        },
        "accuracy": 0.7364597093791282,
        "macro avg": {
            "precision": 0.44841530054644807,
            "recall": 0.49096246406885374,
            "f1-score": 0.44065852156722946,
            "support": 1514.0
        },
        "weighted avg": {
            "precision": 0.6089379272509402,
            "recall": 0.7364597093791282,
            "f1-score": 0.6523672736069898,
            "support": 1514.0
        }
    },
    "confusion_matrix": [
        [
            1108,
            43
        ],
        [
            356,
            7
        ]
    ],
    "roc_auc_score": 0.6939085188828495,
    "y_col": "is_bom_astroturf",
    "x_scaled": false,
    "grid_search": {
        "model_type": "LogisticRegression",
        "k_folds": 5,
        "param_grid": {
            "classifier__max_iter": [
                25,
                1000,
                10000
            ]
        },
        "best_params": {
            "classifier__max_iter": 25
        },
        "best_score": 0.6971716510171299
    }
}