{
    "class_names": [
        "0",
        "1"
    ],
    "class_labels": [
        "Anti-Trump",
        "Pro-Trump"
    ],
    "classification_report": {
        "Anti-Trump": {
            "precision": 0.8967495219885278,
            "recall": 0.9333333333333333,
            "f1-score": 0.9146757679180888,
            "support": 1005.0
        },
        "Pro-Trump": {
            "precision": 0.8568376068376068,
            "recall": 0.787819253438114,
            "f1-score": 0.8208802456499488,
            "support": 509.0
        },
        "accuracy": 0.8844121532364597,
        "macro avg": {
            "precision": 0.8767935644130673,
            "recall": 0.8605762933857237,
            "f1-score": 0.8677780067840188,
            "support": 1514.0
        },
        "weighted avg": {
            "precision": 0.8833313153757016,
            "recall": 0.8844121532364597,
            "f1-score": 0.8831421346060125,
            "support": 1514.0
        }
    },
    "confusion_matrix": [
        [
            938,
            67
        ],
        [
            108,
            401
        ]
    ],
    "roc_auc_score": 0.9357124006685629,
    "y_col": "opinion_community",
    "x_scaled": false,
    "grid_search": {
        "model_type": "XGBClassifier",
        "k_folds": 5,
        "param_grid": {},
        "best_params": {},
        "best_score": 0.9256133648018876
    }
}