{
    "class_names": [
        "0",
        "1"
    ],
    "class_labels": [
        "Normal",
        "Toxic"
    ],
    "classification_report": {
        "Normal": {
            "precision": 0.9050925925925926,
            "recall": 0.9567699836867863,
            "f1-score": 0.9302141157811262,
            "support": 1226.0
        },
        "Toxic": {
            "precision": 0.7568807339449541,
            "recall": 0.5729166666666666,
            "f1-score": 0.6521739130434782,
            "support": 288.0
        },
        "accuracy": 0.8837516512549538,
        "macro avg": {
            "precision": 0.8309866632687734,
            "recall": 0.7648433251767265,
            "f1-score": 0.7911940144123022,
            "support": 1514.0
        },
        "weighted avg": {
            "precision": 0.8768990554125927,
            "recall": 0.8837516512549538,
            "f1-score": 0.8773240375853253,
            "support": 1514.0
        }
    },
    "confusion_matrix": [
        [
            1173,
            53
        ],
        [
            123,
            165
        ]
    ],
    "roc_auc_score": 0.90236145096973,
    "y_col": "is_toxic",
    "x_scaled": false,
    "grid_search": {
        "model_type": "XGBClassifier",
        "k_folds": 5,
        "param_grid": {},
        "best_params": {},
        "best_score": 0.8837368405321626
    }
}