{
    "classification_report": {
        "0": {
            "precision": 0.7965665236051502,
            "recall": 0.9233830845771144,
            "f1-score": 0.8552995391705068,
            "support": 1005.0
        },
        "1": {
            "precision": 0.7793696275071633,
            "recall": 0.5343811394891945,
            "f1-score": 0.6340326340326341,
            "support": 509.0
        },
        "accuracy": 0.7926023778071334,
        "macro avg": {
            "precision": 0.7879680755561568,
            "recall": 0.7288821120331545,
            "f1-score": 0.7446660866015704,
            "support": 1514.0
        },
        "weighted avg": {
            "precision": 0.7907850043753779,
            "recall": 0.7926023778071334,
            "f1-score": 0.7809105994643132,
            "support": 1514.0
        }
    },
    "class_names": [
        0,
        1
    ],
    "confusion_matrix": [
        [
            928,
            77
        ],
        [
            237,
            272
        ]
    ],
    "roc_auc_score": 0.7288821120331546,
    "roc_auc_score_proba": 0.8564026625223589,
    "roc_curve_auc": 0.8564026625223589,
    "grid_search": {
        "x_scaled": false,
        "model_type": "RandomForestClassifier",
        "k_folds": 5,
        "param_grid": {
            "classifier__n_estimators": [
                50,
                100,
                150,
                250
            ],
            "classifier__criterion": [
                "gini",
                "log_loss"
            ],
            "classifier__min_samples_leaf": [
                1,
                5,
                10,
                25,
                50,
                100
            ]
        },
        "best_params": {
            "classifier__criterion": "gini",
            "classifier__min_samples_leaf": 25,
            "classifier__n_estimators": 250
        },
        "best_score": 0.8583006144436516
    }
}