{
    "classification_report": {
        "0.0": {
            "precision": 0.8,
            "recall": 0.7619047619047619,
            "f1-score": 0.7804878048780488,
            "support": 357.0
        },
        "1.0": {
            "precision": 0.7335423197492164,
            "recall": 0.7748344370860927,
            "f1-score": 0.7536231884057971,
            "support": 302.0
        },
        "accuracy": 0.7678300455235205,
        "macro avg": {
            "precision": 0.7667711598746082,
            "recall": 0.7683695994954273,
            "f1-score": 0.767055496641923,
            "support": 659.0
        },
        "weighted avg": {
            "precision": 0.7695444318122358,
            "recall": 0.7678300455235205,
            "f1-score": 0.7681765542337089,
            "support": 659.0
        }
    },
    "class_names": [
        0.0,
        1.0
    ],
    "confusion_matrix": [
        [
            272,
            85
        ],
        [
            68,
            234
        ]
    ],
    "roc_auc_score": 0.7683695994954272,
    "roc_auc_score_proba": 0.853247259168568,
    "roc_curve_auc": 0.853247259168568,
    "grid_search": {
        "x_scaled": false,
        "model_type": "LogisticRegression",
        "k_folds": 5,
        "param_grid": {
            "classifier__max_iter": [
                25,
                1000
            ]
        },
        "best_params": {
            "classifier__max_iter": 25
        },
        "best_score": 0.8311826167233933
    }
}