{
    "class_names": [
        "0",
        "1",
        "2",
        "3",
        "4",
        "5",
        "6"
    ],
    "class_labels": [
        "Anti-Trump Bot High Quality",
        "Anti-Trump Bot Low Quality",
        "Anti-Trump Human High Quality",
        "Anti-Trump Human Low Quality",
        "Pro-Trump Bot High Quality",
        "Pro-Trump Bot Low Quality",
        "Pro-Trump Human Low Quality"
    ],
    "classification_report": {
        "Anti-Trump Bot High Quality": {
            "precision": 0.6844783715012722,
            "recall": 0.9962962962962963,
            "f1-score": 0.8114630467571644,
            "support": 270.0
        },
        "Anti-Trump Bot Low Quality": {
            "precision": 0.0,
            "recall": 0.0,
            "f1-score": 0.0,
            "support": 89.0
        },
        "Anti-Trump Human High Quality": {
            "precision": 1.0,
            "recall": 0.11538461538461539,
            "f1-score": 0.20689655172413793,
            "support": 26.0
        },
        "Anti-Trump Human Low Quality": {
            "precision": 0.0,
            "recall": 0.0,
            "f1-score": 0.0,
            "support": 9.0
        },
        "Pro-Trump Bot High Quality": {
            "precision": 0.0,
            "recall": 0.0,
            "f1-score": 0.0,
            "support": 5.0
        },
        "Pro-Trump Bot Low Quality": {
            "precision": 0.9042145593869731,
            "recall": 0.979253112033195,
            "f1-score": 0.9402390438247012,
            "support": 241.0
        },
        "Pro-Trump Human Low Quality": {
            "precision": 0.0,
            "recall": 0.0,
            "f1-score": 0.0,
            "support": 17.0
        },
        "accuracy": 0.7732115677321156,
        "macro avg": {
            "precision": 0.36981327584117796,
            "recall": 0.29870486053058665,
            "f1-score": 0.2797998060437148,
            "support": 657.0
        },
        "weighted avg": {
            "precision": 0.6525492680633243,
            "recall": 0.7732115677321156,
            "f1-score": 0.6865630784338128,
            "support": 657.0
        }
    },
    "confusion_matrix": [
        [
            269,
            0,
            0,
            0,
            0,
            1,
            0
        ],
        [
            87,
            0,
            0,
            0,
            0,
            2,
            0
        ],
        [
            23,
            0,
            3,
            0,
            0,
            0,
            0
        ],
        [
            8,
            0,
            0,
            0,
            0,
            1,
            0
        ],
        [
            0,
            0,
            0,
            0,
            0,
            5,
            0
        ],
        [
            5,
            0,
            0,
            0,
            0,
            236,
            0
        ],
        [
            1,
            0,
            0,
            0,
            0,
            16,
            0
        ]
    ],
    "roc_auc_score": 0.8351712403411635,
    "y_col": "eightway_label",
    "x_scaled": false,
    "grid_search": {
        "model_type": "RandomForestClassifier",
        "k_folds": 5,
        "param_grid": {
            "classifier__n_estimators": [
                50,
                100,
                150,
                250
            ],
            "classifier__criterion": [
                "gini",
                "log_loss"
            ],
            "classifier__min_samples_leaf": [
                1,
                5,
                10,
                25,
                50,
                100
            ]
        },
        "best_params": {
            "classifier__criterion": "gini",
            "classifier__min_samples_leaf": 5,
            "classifier__n_estimators": 250
        },
        "best_score": 0.8455944933619788
    }
}