{
    "class_names": [
        "0",
        "1"
    ],
    "class_labels": [
        "Normal",
        "Toxic"
    ],
    "classification_report": {
        "Normal": {
            "precision": 0.8816083395383469,
            "recall": 0.965742251223491,
            "f1-score": 0.9217594394706111,
            "support": 1226.0
        },
        "Toxic": {
            "precision": 0.7543859649122807,
            "recall": 0.4479166666666667,
            "f1-score": 0.5620915032679739,
            "support": 288.0
        },
        "accuracy": 0.8672391017173051,
        "macro avg": {
            "precision": 0.8179971522253138,
            "recall": 0.7068294589450789,
            "f1-score": 0.7419254713692924,
            "support": 1514.0
        },
        "weighted avg": {
            "precision": 0.8574075179450134,
            "recall": 0.8672391017173051,
            "f1-score": 0.8533417607213643,
            "support": 1514.0
        }
    },
    "confusion_matrix": [
        [
            1184,
            42
        ],
        [
            159,
            129
        ]
    ],
    "roc_auc_score": 0.7863705365234729,
    "y_col": "is_toxic",
    "x_scaled": false,
    "grid_search": {
        "model_type": "XGBClassifier",
        "k_folds": 5,
        "param_grid": {},
        "best_params": {},
        "best_score": 0.7604951372773423
    }
}