{
    "class_names": [
        "0",
        "1"
    ],
    "class_labels": [
        "Normal",
        "Toxic"
    ],
    "classification_report": {
        "Normal": {
            "precision": 0.8617248752672844,
            "recall": 0.9861337683523654,
            "f1-score": 0.9197413465195892,
            "support": 1226.0
        },
        "Toxic": {
            "precision": 0.8468468468468469,
            "recall": 0.3263888888888889,
            "f1-score": 0.4711779448621554,
            "support": 288.0
        },
        "accuracy": 0.8606340819022457,
        "macro avg": {
            "precision": 0.8542858610570656,
            "recall": 0.6562613286206271,
            "f1-score": 0.6954596456908723,
            "support": 1514.0
        },
        "weighted avg": {
            "precision": 0.8588947086985355,
            "recall": 0.8606340819022457,
            "f1-score": 0.834413566019364,
            "support": 1514.0
        }
    },
    "confusion_matrix": [
        [
            1209,
            17
        ],
        [
            194,
            94
        ]
    ],
    "roc_auc_score": 0.8434667844843211,
    "y_col": "is_toxic",
    "x_scaled": false,
    "grid_search": {
        "model_type": "RandomForestClassifier",
        "k_folds": 5,
        "param_grid": {
            "classifier__n_estimators": [
                50,
                100,
                150,
                250
            ],
            "classifier__criterion": [
                "gini",
                "log_loss"
            ],
            "classifier__min_samples_leaf": [
                1,
                5,
                10,
                25,
                50,
                100
            ]
        },
        "best_params": {
            "classifier__criterion": "gini",
            "classifier__min_samples_leaf": 25,
            "classifier__n_estimators": 250
        },
        "best_score": 0.8185200806485978
    }
}