{
    "coefs": {
        "0": 0.006099999882280827,
        "1": 0.006200000178068876,
        "2": 0.01140000019222498,
        "3": 0.010499999858438969,
        "4": 0.019500000402331352,
        "5": 0.007899999618530273,
        "6": 0.014999999664723873,
        "7": 0.006099999882280827,
        "8": 0.00430000014603138,
        "9": 0.006399999838322401,
        "10": 0.005100000184029341,
        "11": 0.011099999770522118,
        "12": 0.00570000009611249,
        "13": 0.008500000461935997,
        "14": 0.006200000178068876,
        "15": 0.004699999932199717,
        "16": 0.011900000274181366,
        "17": 0.033900000154972076,
        "18": 0.004600000102072954,
        "19": 0.0066999997943639755,
        "20": 0.009100000374019146,
        "21": 0.005799999926239252,
        "22": 0.004000000189989805,
        "23": 0.012199999764561653,
        "24": 0.005499999970197678,
        "25": 0.0044999998062849045,
        "26": 0.00570000009611249,
        "27": 0.012500000186264515,
        "28": 0.006300000008195639,
        "29": 0.008500000461935997,
        "30": 0.016899999231100082,
        "31": 0.004399999976158142,
        "32": 0.005900000222027302,
        "33": 0.009100000374019146,
        "34": 0.04089999943971634,
        "35": 0.007600000128149986,
        "36": 0.00839999970048666,
        "37": 0.006099999882280827,
        "38": 0.004100000020116568,
        "39": 0.007799999788403511,
        "40": 0.010099999606609344,
        "41": 0.008200000040233135,
        "42": 0.005900000222027302,
        "43": 0.004900000058114529,
        "44": 0.0044999998062849045,
        "45": 0.02710000053048134,
        "46": 0.005400000140070915,
        "47": 0.0071000000461936,
        "48": 0.00839999970048666,
        "49": 0.006200000178068876,
        "50": 0.0340999998152256,
        "51": 0.013799999840557575,
        "52": 0.008899999782443047,
        "53": 0.009499999694526196,
        "54": 0.010700000450015068,
        "55": 0.011300000362098217,
        "56": 0.005200000014156103,
        "57": 0.019300000742077827,
        "58": 0.005900000222027302,
        "59": 0.02370000071823597,
        "60": 0.011900000274181366,
        "61": 0.007300000172108412,
        "62": 0.010999999940395355,
        "63": 0.0038999998942017555,
        "64": 0.005499999970197678,
        "65": 0.015399999916553497,
        "66": 0.013899999670684338,
        "67": 0.00839999970048666,
        "68": 0.007600000128149986,
        "69": 0.020800000056624413,
        "70": 0.009200000204145908,
        "71": 0.009100000374019146,
        "72": 0.012400000356137753,
        "73": 0.006000000052154064,
        "74": 0.0348999984562397,
        "75": 0.004800000227987766,
        "76": 0.012799999676644802,
        "77": 0.006399999838322401,
        "78": 0.005499999970197678,
        "79": 0.0052999998442828655,
        "80": 0.00559999980032444,
        "81": 0.009200000204145908,
        "82": 0.005900000222027302,
        "83": 0.007499999832361937,
        "84": 0.005400000140070915,
        "85": 0.00419999985024333,
        "86": 0.00430000014603138,
        "87": 0.00419999985024333,
        "88": 0.005799999926239252,
        "89": 0.005499999970197678,
        "90": 0.006000000052154064,
        "91": 0.01360000018030405,
        "92": 0.016699999570846558,
        "93": 0.006800000090152025,
        "94": 0.014999999664723873,
        "95": 0.02199999988079071,
        "96": 0.01940000057220459,
        "97": 0.0071000000461936,
        "98": 0.00989999994635582,
        "99": 0.006899999920278788
    }
}